"","Species","Scenario","Metric","Type","FDR","Year","Value","Lower","Upper","Source"
"22","Black Rockfish","Sampling","Relative Biomass","Static","0.7",0,1,1,1,"Stochastic"
"23","Black Rockfish","Sampling","Relative Biomass","Static","0.7",1,1.00100020021681,1.00100020021681,1.00100020021681,"Stochastic"
"24","Black Rockfish","Sampling","Relative Biomass","Static","0.7",2,0.9970499904266,0.9970499904266,0.9970499904266,"Stochastic"
"25","Black Rockfish","Sampling","Relative Biomass","Static","0.7",3,0.988787597549618,0.988787597549618,1.00286289138548,"Stochastic"
"26","Black Rockfish","Sampling","Relative Biomass","Static","0.7",4,0.991518175992211,0.976807484854644,1.01077539716439,"Stochastic"
"27","Black Rockfish","Sampling","Relative Biomass","Static","0.7",5,0.988305798761992,0.961642822746803,1.00298819022362,"Stochastic"
"28","Black Rockfish","Sampling","Relative Biomass","Static","0.7",6,0.985084846490235,0.959615346663372,1.00537091816012,"Stochastic"
"29","Black Rockfish","Sampling","Relative Biomass","Static","0.7",7,0.975054970707352,0.951860939145408,1.00573819693604,"Stochastic"
"30","Black Rockfish","Sampling","Relative Biomass","Static","0.7",8,0.965177008662699,0.939114753895365,0.999805162807087,"Stochastic"
"31","Black Rockfish","Sampling","Relative Biomass","Static","0.7",9,0.958209627977944,0.9269542161768,0.994773780446624,"Stochastic"
"32","Black Rockfish","Sampling","Relative Biomass","Static","0.7",10,0.950073381796744,0.908936977448721,0.991395781030762,"Stochastic"
"33","Black Rockfish","Sampling","Relative Biomass","Static","0.7",11,0.936728543529444,0.889303486285547,0.985130933428682,"Stochastic"
"34","Black Rockfish","Sampling","Relative Biomass","Static","0.7",12,0.922421691540761,0.87912058737931,0.975949292398927,"Stochastic"
"35","Black Rockfish","Sampling","Relative Biomass","Static","0.7",13,0.914730234210349,0.868951205859112,0.970026457459116,"Stochastic"
"36","Black Rockfish","Sampling","Relative Biomass","Static","0.7",14,0.903304120720003,0.854931077090949,0.962692615749635,"Stochastic"
"37","Black Rockfish","Sampling","Relative Biomass","Static","0.7",15,0.88877772128093,0.836737088131177,0.951962878965903,"Stochastic"
"38","Black Rockfish","Sampling","Relative Biomass","Static","0.7",16,0.87479613992,0.818415708503116,0.942880501861479,"Stochastic"
"39","Black Rockfish","Sampling","Relative Biomass","Static","0.7",17,0.865337807189878,0.807691477288129,0.93594897903629,"Stochastic"
"40","Black Rockfish","Sampling","Relative Biomass","Static","0.7",18,0.853337534854529,0.796315349030335,0.925595509735863,"Stochastic"
"41","Black Rockfish","Sampling","Relative Biomass","Static","0.7",19,0.839104488646625,0.782155152012188,0.914454378642799,"Stochastic"
"42","Black Rockfish","Sampling","Relative Biomass","Static","0.7",20,0.82379030470149,0.765442989956851,0.906014841252727,"Stochastic"
"106","Black Rockfish","Sampling","Relative Biomass","Transient","0.7",0,1,1,1,"Stochastic"
"107","Black Rockfish","Sampling","Relative Biomass","Transient","0.7",1,1.00100020021681,1.00100020021681,1.00100020021681,"Stochastic"
"108","Black Rockfish","Sampling","Relative Biomass","Transient","0.7",2,0.9970499904266,0.9970499904266,1.01043266153136,"Stochastic"
"109","Black Rockfish","Sampling","Relative Biomass","Transient","0.7",3,1.00286289138548,0.988787597549618,1.01350462587491,"Stochastic"
"110","Black Rockfish","Sampling","Relative Biomass","Transient","0.7",4,1.01077539716439,0.991518175992211,1.02375285247409,"Stochastic"
"111","Black Rockfish","Sampling","Relative Biomass","Transient","0.7",5,1.01027873506105,0.988305798761992,1.03212605841995,"Stochastic"
"112","Black Rockfish","Sampling","Relative Biomass","Transient","0.7",6,1.01109075490021,0.986072657647855,1.03158295933806,"Stochastic"
"113","Black Rockfish","Sampling","Relative Biomass","Transient","0.7",7,1.01068336519147,0.975225758795925,1.03967704798883,"Stochastic"
"114","Black Rockfish","Sampling","Relative Biomass","Transient","0.7",8,1.00625603376205,0.971866099563708,1.0419041860435,"Stochastic"
"115","Black Rockfish","Sampling","Relative Biomass","Transient","0.7",9,1.00466882862748,0.966535185558178,1.04319686835843,"Stochastic"
"116","Black Rockfish","Sampling","Relative Biomass","Transient","0.7",10,1.00169699277755,0.95755352258974,1.04329699227933,"Stochastic"
"117","Black Rockfish","Sampling","Relative Biomass","Transient","0.7",11,0.993942646262057,0.943367843175592,1.042312488662,"Stochastic"
"118","Black Rockfish","Sampling","Relative Biomass","Transient","0.7",12,0.986626838666223,0.933706780736258,1.04063784111988,"Stochastic"
"119","Black Rockfish","Sampling","Relative Biomass","Transient","0.7",13,0.98085823444482,0.924402694971137,1.03809354630557,"Stochastic"
"120","Black Rockfish","Sampling","Relative Biomass","Transient","0.7",14,0.971029198580855,0.911971412661789,1.03329371195236,"Stochastic"
"121","Black Rockfish","Sampling","Relative Biomass","Transient","0.7",15,0.958362178017759,0.896979467337809,1.02745540884567,"Stochastic"
"122","Black Rockfish","Sampling","Relative Biomass","Transient","0.7",16,0.948839148720871,0.880776680545655,1.02268240601431,"Stochastic"
"123","Black Rockfish","Sampling","Relative Biomass","Transient","0.7",17,0.93910803465939,0.872663668640985,1.01432183486287,"Stochastic"
"124","Black Rockfish","Sampling","Relative Biomass","Transient","0.7",18,0.92743169221119,0.859066557863098,1.0055606158497,"Stochastic"
"125","Black Rockfish","Sampling","Relative Biomass","Transient","0.7",19,0.912601296852524,0.842894542926502,0.998959729420307,"Stochastic"
"126","Black Rockfish","Sampling","Relative Biomass","Transient","0.7",20,0.901756848631972,0.824897986886858,0.989101365160755,"Stochastic"
"190","Black Rockfish","Sampling","Relative Yield","Static","0.7",0,1,1,1,"Stochastic"
"191","Black Rockfish","Sampling","Relative Yield","Static","0.7",1,1.01874385779988,1.01874385779988,1.01874385779988,"Stochastic"
"192","Black Rockfish","Sampling","Relative Yield","Static","0.7",2,1.02826443341971,0.966282606738021,1.02826443341971,"Stochastic"
"193","Black Rockfish","Sampling","Relative Yield","Static","0.7",3,0.992605765383711,0.951576049725764,1.02959771862916,"Stochastic"
"194","Black Rockfish","Sampling","Relative Yield","Static","0.7",4,0.995814952466381,0.951763889474243,1.02351371624794,"Stochastic"
"195","Black Rockfish","Sampling","Relative Yield","Static","0.7",5,0.984783397597949,0.945671602748385,1.01062122546849,"Stochastic"
"196","Black Rockfish","Sampling","Relative Yield","Static","0.7",6,0.979610675542743,0.933684405621701,0.991477660763305,"Stochastic"
"197","Black Rockfish","Sampling","Relative Yield","Static","0.7",7,0.96666389357813,0.929133093225021,0.982747655384524,"Stochastic"
"198","Black Rockfish","Sampling","Relative Yield","Static","0.7",8,0.946965455012888,0.920524126865577,0.979091256529074,"Stochastic"
"199","Black Rockfish","Sampling","Relative Yield","Static","0.7",9,0.93674758104972,0.902813193963825,0.965060060778699,"Stochastic"
"200","Black Rockfish","Sampling","Relative Yield","Static","0.7",10,0.925105636864364,0.888502785020591,0.958559362904309,"Stochastic"
"201","Black Rockfish","Sampling","Relative Yield","Static","0.7",11,0.907777908684662,0.872760898355678,0.95059687055147,"Stochastic"
"202","Black Rockfish","Sampling","Relative Yield","Static","0.7",12,0.899678636366976,0.856634247184126,0.937548891026432,"Stochastic"
"203","Black Rockfish","Sampling","Relative Yield","Static","0.7",13,0.888234411652832,0.828133824335251,0.930064360476947,"Stochastic"
"204","Black Rockfish","Sampling","Relative Yield","Static","0.7",14,0.868153159189313,0.813423979819796,0.920317860055926,"Stochastic"
"205","Black Rockfish","Sampling","Relative Yield","Static","0.7",15,0.854897636722617,0.792719521792882,0.907646229199291,"Stochastic"
"206","Black Rockfish","Sampling","Relative Yield","Static","0.7",16,0.841329937287982,0.767928019645356,0.89795670496921,"Stochastic"
"207","Black Rockfish","Sampling","Relative Yield","Static","0.7",17,0.82036133483974,0.736176933342471,0.886822779616822,"Stochastic"
"208","Black Rockfish","Sampling","Relative Yield","Static","0.7",18,0.79707689898281,0.705628716803174,0.872865623567392,"Stochastic"
"209","Black Rockfish","Sampling","Relative Yield","Static","0.7",19,0.784832171763039,0.680925228704767,0.862370404269483,"Stochastic"
"210","Black Rockfish","Sampling","Relative Yield","Static","0.7",20,0.763717948845419,0.664057277827544,0.849588144084913,"Stochastic"
"274","Black Rockfish","Sampling","Relative Yield","Transient","0.7",0,1,1,1,"Stochastic"
"275","Black Rockfish","Sampling","Relative Yield","Transient","0.7",1,1.01874385779988,0.930415684041545,1.01874385779988,"Stochastic"
"276","Black Rockfish","Sampling","Relative Yield","Transient","0.7",2,0.966282606738021,0.944663621932218,1.02826443341971,"Stochastic"
"277","Black Rockfish","Sampling","Relative Yield","Transient","0.7",3,0.951576049725764,0.905722891312592,0.992605765383711,"Stochastic"
"278","Black Rockfish","Sampling","Relative Yield","Transient","0.7",4,0.951763889474243,0.914065445561149,0.995814952466381,"Stochastic"
"279","Black Rockfish","Sampling","Relative Yield","Transient","0.7",5,0.945671602748385,0.903706662635697,0.990813410508882,"Stochastic"
"280","Black Rockfish","Sampling","Relative Yield","Transient","0.7",6,0.946146747519772,0.909241563281727,0.986506468518015,"Stochastic"
"281","Black Rockfish","Sampling","Relative Yield","Transient","0.7",7,0.946155984760922,0.906420313471559,0.982747655384524,"Stochastic"
"282","Black Rockfish","Sampling","Relative Yield","Transient","0.7",8,0.943754962198365,0.90480244461221,0.979091256529074,"Stochastic"
"283","Black Rockfish","Sampling","Relative Yield","Transient","0.7",9,0.940583741945237,0.902813193963825,0.972471307969274,"Stochastic"
"284","Black Rockfish","Sampling","Relative Yield","Transient","0.7",10,0.935321355097292,0.896233500176856,0.972042711745099,"Stochastic"
"285","Black Rockfish","Sampling","Relative Yield","Transient","0.7",11,0.934026631415126,0.894116973304526,0.966944969561049,"Stochastic"
"286","Black Rockfish","Sampling","Relative Yield","Transient","0.7",12,0.926804037378838,0.884080782133137,0.964116316809221,"Stochastic"
"287","Black Rockfish","Sampling","Relative Yield","Transient","0.7",13,0.919917076954153,0.874755005060081,0.961803988806516,"Stochastic"
"288","Black Rockfish","Sampling","Relative Yield","Transient","0.7",14,0.915744042436112,0.863845425764253,0.957041862211552,"Stochastic"
"289","Black Rockfish","Sampling","Relative Yield","Transient","0.7",15,0.90483436987196,0.847930944086526,0.953022140223062,"Stochastic"
"290","Black Rockfish","Sampling","Relative Yield","Transient","0.7",16,0.89710204055089,0.83561883972107,0.945140028812466,"Stochastic"
"291","Black Rockfish","Sampling","Relative Yield","Transient","0.7",17,0.887570317958523,0.818617921666367,0.942556816393272,"Stochastic"
"292","Black Rockfish","Sampling","Relative Yield","Transient","0.7",18,0.874412160148395,0.792398719894105,0.93432308329363,"Stochastic"
"293","Black Rockfish","Sampling","Relative Yield","Transient","0.7",19,0.862874320377849,0.770726313082419,0.92726660549701,"Stochastic"
"294","Black Rockfish","Sampling","Relative Yield","Transient","0.7",20,0.84990316294735,0.753341504551267,0.918670347901643,"Stochastic"
"358","Black Rockfish","Sampling","Relative Effort","Static","0.7",0,1,1,1,"Stochastic"
"359","Black Rockfish","Sampling","Relative Effort","Static","0.7",1,1.1,1.1,1.1,"Stochastic"
"360","Black Rockfish","Sampling","Relative Effort","Static","0.7",2,1.21,0.99,1.21,"Stochastic"
"361","Black Rockfish","Sampling","Relative Effort","Static","0.7",3,1.089,1.089,1.331,"Stochastic"
"362","Black Rockfish","Sampling","Relative Effort","Static","0.7",4,1.1979,0.9801,1.4641,"Stochastic"
"363","Black Rockfish","Sampling","Relative Effort","Static","0.7",5,1.31769,1.07811,1.31769,"Stochastic"
"364","Black Rockfish","Sampling","Relative Effort","Static","0.7",6,1.449459,1.185921,1.449459,"Stochastic"
"365","Black Rockfish","Sampling","Relative Effort","Static","0.7",7,1.3045131,1.3045131,1.5944049,"Stochastic"
"366","Black Rockfish","Sampling","Relative Effort","Static","0.7",8,1.43496441,1.17406179,1.75384539,"Stochastic"
"367","Black Rockfish","Sampling","Relative Effort","Static","0.7",9,1.578460851,1.291467969,1.929229929,"Stochastic"
"368","Black Rockfish","Sampling","Relative Effort","Static","0.7",10,1.7363069361,1.4206147659,1.7363069361,"Stochastic"
"369","Black Rockfish","Sampling","Relative Effort","Static","0.7",11,1.56267624249,1.27855328931,1.90993762971,"Stochastic"
"370","Black Rockfish","Sampling","Relative Effort","Static","0.7",12,1.718943866739,1.406408618241,2.100931392681,"Stochastic"
"371","Black Rockfish","Sampling","Relative Effort","Static","0.7",13,1.8908382534129,1.5470494800651,2.3110245319491,"Stochastic"
"372","Black Rockfish","Sampling","Relative Effort","Static","0.7",14,2.07992207875419,1.39234453205859,2.54212698514401,"Stochastic"
"373","Black Rockfish","Sampling","Relative Effort","Static","0.7",15,1.87192987087877,1.53157898526445,2.79633968365841,"Stochastic"
"374","Black Rockfish","Sampling","Relative Effort","Static","0.7",16,2.05912285796665,1.68473688379089,2.51670571529257,"Stochastic"
"375","Black Rockfish","Sampling","Relative Effort","Static","0.7",17,2.26503514376331,1.51626319541181,2.76837628682183,"Stochastic"
"376","Black Rockfish","Sampling","Relative Effort","Static","0.7",18,2.49153865813965,1.66788951495299,3.04521391550401,"Stochastic"
"377","Black Rockfish","Sampling","Relative Effort","Static","0.7",19,2.24238479232568,1.83467846644828,3.34973530705441,"Stochastic"
"378","Black Rockfish","Sampling","Relative Effort","Static","0.7",20,2.46662327155825,2.01814631309311,3.68470883775985,"Stochastic"
"442","Black Rockfish","Sampling","Relative Effort","Transient","0.7",0,1,1,1,"Stochastic"
"443","Black Rockfish","Sampling","Relative Effort","Transient","0.7",1,1.1,0.9,1.1,"Stochastic"
"444","Black Rockfish","Sampling","Relative Effort","Transient","0.7",2,0.99,0.99,1.21,"Stochastic"
"445","Black Rockfish","Sampling","Relative Effort","Transient","0.7",3,1.089,0.891,1.089,"Stochastic"
"446","Black Rockfish","Sampling","Relative Effort","Transient","0.7",4,0.9801,0.9801,1.1979,"Stochastic"
"447","Black Rockfish","Sampling","Relative Effort","Transient","0.7",5,1.07811,0.88209,1.31769,"Stochastic"
"448","Black Rockfish","Sampling","Relative Effort","Transient","0.7",6,1.185921,0.970299,1.185921,"Stochastic"
"449","Black Rockfish","Sampling","Relative Effort","Transient","0.7",7,1.0673289,0.8732691,1.3045131,"Stochastic"
"450","Black Rockfish","Sampling","Relative Effort","Transient","0.7",8,1.17406179,0.96059601,1.43496441,"Stochastic"
"451","Black Rockfish","Sampling","Relative Effort","Transient","0.7",9,1.291467969,1.056655611,1.578460851,"Stochastic"
"452","Black Rockfish","Sampling","Relative Effort","Transient","0.7",10,1.1623211721,0.9509900499,1.4206147659,"Stochastic"
"453","Black Rockfish","Sampling","Relative Effort","Transient","0.7",11,1.27855328931,1.04608905489,1.56267624249,"Stochastic"
"454","Black Rockfish","Sampling","Relative Effort","Transient","0.7",12,1.406408618241,1.150697960379,1.718943866739,"Stochastic"
"455","Black Rockfish","Sampling","Relative Effort","Transient","0.7",13,1.5470494800651,1.0356281643411,1.8908382534129,"Stochastic"
"456","Black Rockfish","Sampling","Relative Effort","Transient","0.7",14,1.39234453205859,1.13919098077521,2.07992207875419,"Stochastic"
"457","Black Rockfish","Sampling","Relative Effort","Transient","0.7",15,1.53157898526445,1.25311007885273,1.87192987087877,"Stochastic"
"458","Black Rockfish","Sampling","Relative Effort","Transient","0.7",16,1.6847368837909,1.12779907096746,2.05912285796665,"Stochastic"
"459","Black Rockfish","Sampling","Relative Effort","Transient","0.7",17,1.85321057216998,1.2405789780642,2.26503514376331,"Stochastic"
"460","Black Rockfish","Sampling","Relative Effort","Transient","0.7",18,1.66788951495299,1.36463687587063,2.49153865813965,"Stochastic"
"461","Black Rockfish","Sampling","Relative Effort","Transient","0.7",19,1.83467846644829,1.50110056345769,2.74069252395361,"Stochastic"
"462","Black Rockfish","Sampling","Relative Effort","Transient","0.7",20,2.01814631309311,1.35099050711192,2.46662327155825,"Stochastic"
"526","Black Rockfish","Recruitment","Relative Biomass","Static","0.7",0,1,1,1,"Stochastic"
"527","Black Rockfish","Recruitment","Relative Biomass","Static","0.7",1,0.999834715207123,0.983220432512263,1.01820801440778,"Stochastic"
"528","Black Rockfish","Recruitment","Relative Biomass","Static","0.7",2,0.995613524621241,0.969428239210881,1.02623163366513,"Stochastic"
"529","Black Rockfish","Recruitment","Relative Biomass","Static","0.7",3,0.987957169454065,0.95214338464111,1.02791084090522,"Stochastic"
"530","Black Rockfish","Recruitment","Relative Biomass","Static","0.7",4,0.977644003013386,0.934220189880359,1.02403998889045,"Stochastic"
"531","Black Rockfish","Recruitment","Relative Biomass","Static","0.7",5,0.966322007292902,0.917844009481738,1.01937332367989,"Stochastic"
"532","Black Rockfish","Recruitment","Relative Biomass","Static","0.7",6,0.954241099793909,0.90191651747031,1.01080627065713,"Stochastic"
"533","Black Rockfish","Recruitment","Relative Biomass","Static","0.7",7,0.940832794301157,0.886182290388387,1.00212475602552,"Stochastic"
"534","Black Rockfish","Recruitment","Relative Biomass","Static","0.7",8,0.928328608744675,0.869944530194188,0.99567108655197,"Stochastic"
"535","Black Rockfish","Recruitment","Relative Biomass","Static","0.7",9,0.918084248587596,0.855465981659036,0.99567882392876,"Stochastic"
"536","Black Rockfish","Recruitment","Relative Biomass","Static","0.7",10,0.916731046589998,0.847628791456493,0.998277298612728,"Stochastic"
"537","Black Rockfish","Recruitment","Relative Biomass","Static","0.7",11,0.916099322203,0.841308223332951,1.00638805883763,"Stochastic"
"538","Black Rockfish","Recruitment","Relative Biomass","Static","0.7",12,0.919871474263917,0.837375361393393,1.01544893329071,"Stochastic"
"539","Black Rockfish","Recruitment","Relative Biomass","Static","0.7",13,0.926482093518887,0.839739454635432,1.02708487318634,"Stochastic"
"540","Black Rockfish","Recruitment","Relative Biomass","Static","0.7",14,0.935500594876238,0.846224988375101,1.03796335810335,"Stochastic"
"541","Black Rockfish","Recruitment","Relative Biomass","Static","0.7",15,0.94482115965419,0.852458362906742,1.05167069074919,"Stochastic"
"542","Black Rockfish","Recruitment","Relative Biomass","Static","0.7",16,0.954846327413833,0.861379311729948,1.06282336505613,"Stochastic"
"543","Black Rockfish","Recruitment","Relative Biomass","Static","0.7",17,0.967980892535603,0.869748715631272,1.07436422717893,"Stochastic"
"544","Black Rockfish","Recruitment","Relative Biomass","Static","0.7",18,0.978942896531845,0.880132980586712,1.08280283343867,"Stochastic"
"545","Black Rockfish","Recruitment","Relative Biomass","Static","0.7",19,0.990058624857036,0.889012424512493,1.09576923111256,"Stochastic"
"546","Black Rockfish","Recruitment","Relative Biomass","Static","0.7",20,1.00162948995958,0.900112198217166,1.10487791748974,"Stochastic"
"610","Black Rockfish","Recruitment","Relative Biomass","Transient","0.7",0,1,1,1,"Stochastic"
"611","Black Rockfish","Recruitment","Relative Biomass","Transient","0.7",1,0.999697662414707,0.983167211827137,1.01904898047289,"Stochastic"
"612","Black Rockfish","Recruitment","Relative Biomass","Transient","0.7",2,1.00228158818633,0.973873737861767,1.03220076426852,"Stochastic"
"613","Black Rockfish","Recruitment","Relative Biomass","Transient","0.7",3,1.00542201879864,0.96720945610132,1.04667844864047,"Stochastic"
"614","Black Rockfish","Recruitment","Relative Biomass","Transient","0.7",4,1.01201137802888,0.961469224897777,1.06176788346847,"Stochastic"
"615","Black Rockfish","Recruitment","Relative Biomass","Transient","0.7",5,1.01863069696463,0.958086959203296,1.07757913968004,"Stochastic"
"616","Black Rockfish","Recruitment","Relative Biomass","Transient","0.7",6,1.02599212432527,0.956653452230594,1.09302429778418,"Stochastic"
"617","Black Rockfish","Recruitment","Relative Biomass","Transient","0.7",7,1.03415621691235,0.955171933267408,1.10978129513038,"Stochastic"
"618","Black Rockfish","Recruitment","Relative Biomass","Transient","0.7",8,1.0407389731645,0.955345953209513,1.12513211046019,"Stochastic"
"619","Black Rockfish","Recruitment","Relative Biomass","Transient","0.7",9,1.04926646170428,0.958603087530356,1.14218973094662,"Stochastic"
"620","Black Rockfish","Recruitment","Relative Biomass","Transient","0.7",10,1.05842944555656,0.957738481489672,1.15262310436317,"Stochastic"
"621","Black Rockfish","Recruitment","Relative Biomass","Transient","0.7",11,1.06579138526813,0.962432523484557,1.16507947116997,"Stochastic"
"622","Black Rockfish","Recruitment","Relative Biomass","Transient","0.7",12,1.07162446638262,0.967525645352989,1.17474357238856,"Stochastic"
"623","Black Rockfish","Recruitment","Relative Biomass","Transient","0.7",13,1.07851467446667,0.970922272562676,1.18369090784234,"Stochastic"
"624","Black Rockfish","Recruitment","Relative Biomass","Transient","0.7",14,1.08331064070023,0.973690204259529,1.19099069065397,"Stochastic"
"625","Black Rockfish","Recruitment","Relative Biomass","Transient","0.7",15,1.0898055813932,0.97521241894142,1.19981713329068,"Stochastic"
"626","Black Rockfish","Recruitment","Relative Biomass","Transient","0.7",16,1.09350012630615,0.976673100142304,1.20597175966007,"Stochastic"
"627","Black Rockfish","Recruitment","Relative Biomass","Transient","0.7",17,1.0966565353788,0.982025513393724,1.21145201544449,"Stochastic"
"628","Black Rockfish","Recruitment","Relative Biomass","Transient","0.7",18,1.09742755158341,0.983159983770799,1.2147402959574,"Stochastic"
"629","Black Rockfish","Recruitment","Relative Biomass","Transient","0.7",19,1.10020028444493,0.983395218165287,1.21701758543191,"Stochastic"
"630","Black Rockfish","Recruitment","Relative Biomass","Transient","0.7",20,1.10203682183997,0.98402395218001,1.2189473204006,"Stochastic"
"694","Black Rockfish","Recruitment","Relative Yield","Static","0.7",0,1,1,1,"Stochastic"
"695","Black Rockfish","Recruitment","Relative Yield","Static","0.7",1,1.01789905016903,0.998322939577411,1.0386470290428,"Stochastic"
"696","Black Rockfish","Recruitment","Relative Yield","Static","0.7",2,1.02071661207308,0.982495036720553,1.06085935902631,"Stochastic"
"697","Black Rockfish","Recruitment","Relative Yield","Static","0.7",3,1.01623781297722,0.962936054069867,1.07197010492369,"Stochastic"
"698","Black Rockfish","Recruitment","Relative Yield","Static","0.7",4,1.00531122623134,0.938844545803279,1.07287269846178,"Stochastic"
"699","Black Rockfish","Recruitment","Relative Yield","Static","0.7",5,0.987591348458977,0.910890070716558,1.06095441955357,"Stochastic"
"700","Black Rockfish","Recruitment","Relative Yield","Static","0.7",6,0.961197827029439,0.87790244333472,1.04319696598936,"Stochastic"
"701","Black Rockfish","Recruitment","Relative Yield","Static","0.7",7,0.929959458404298,0.844867803316296,1.01598142148894,"Stochastic"
"702","Black Rockfish","Recruitment","Relative Yield","Static","0.7",8,0.896238641003884,0.814473721025231,0.983382346117384,"Stochastic"
"703","Black Rockfish","Recruitment","Relative Yield","Static","0.7",9,0.863282585893338,0.782535482635322,0.949746062345215,"Stochastic"
"704","Black Rockfish","Recruitment","Relative Yield","Static","0.7",10,0.836150938327007,0.761369563043205,0.923412590271449,"Stochastic"
"705","Black Rockfish","Recruitment","Relative Yield","Static","0.7",11,0.817742791836979,0.744474844756302,0.902775923280765,"Stochastic"
"706","Black Rockfish","Recruitment","Relative Yield","Static","0.7",12,0.806337019484932,0.73232356108568,0.888148926695367,"Stochastic"
"707","Black Rockfish","Recruitment","Relative Yield","Static","0.7",13,0.79734782085795,0.723074788997522,0.884883066282279,"Stochastic"
"708","Black Rockfish","Recruitment","Relative Yield","Static","0.7",14,0.790932846754026,0.715965786566389,0.888541188874829,"Stochastic"
"709","Black Rockfish","Recruitment","Relative Yield","Static","0.7",15,0.790421999401088,0.709149983020835,0.891170188650937,"Stochastic"
"710","Black Rockfish","Recruitment","Relative Yield","Static","0.7",16,0.789763230724682,0.707479932286748,0.896163810442369,"Stochastic"
"711","Black Rockfish","Recruitment","Relative Yield","Static","0.7",17,0.7932579425645,0.706782150337348,0.897126033671233,"Stochastic"
"712","Black Rockfish","Recruitment","Relative Yield","Static","0.7",18,0.794818306953321,0.708928245050437,0.898949257102859,"Stochastic"
"713","Black Rockfish","Recruitment","Relative Yield","Static","0.7",19,0.798781584290029,0.710049155752144,0.9098116875808,"Stochastic"
"714","Black Rockfish","Recruitment","Relative Yield","Static","0.7",20,0.806299423694376,0.712912030789795,0.912324970326386,"Stochastic"
"778","Black Rockfish","Recruitment","Relative Yield","Transient","0.7",0,1,1,1,"Stochastic"
"779","Black Rockfish","Recruitment","Relative Yield","Transient","0.7",1,0.98756023556715,0.929732524642671,1.02722319587676,"Stochastic"
"780","Black Rockfish","Recruitment","Relative Yield","Transient","0.7",2,0.954098567955353,0.877611649843452,1.02762889900288,"Stochastic"
"781","Black Rockfish","Recruitment","Relative Yield","Transient","0.7",3,0.923357574025935,0.834343139198474,1.01524947466772,"Stochastic"
"782","Black Rockfish","Recruitment","Relative Yield","Transient","0.7",4,0.899521219309561,0.802793559696068,1.00382159007339,"Stochastic"
"783","Black Rockfish","Recruitment","Relative Yield","Transient","0.7",5,0.880306066113243,0.778837018240465,0.988557545519507,"Stochastic"
"784","Black Rockfish","Recruitment","Relative Yield","Transient","0.7",6,0.868227643657377,0.762371199891615,0.975131151534434,"Stochastic"
"785","Black Rockfish","Recruitment","Relative Yield","Transient","0.7",7,0.851297411710504,0.745558675923782,0.966227862384938,"Stochastic"
"786","Black Rockfish","Recruitment","Relative Yield","Transient","0.7",8,0.842626808993924,0.733856868764915,0.958361588897751,"Stochastic"
"787","Black Rockfish","Recruitment","Relative Yield","Transient","0.7",9,0.835647953007197,0.727869068034595,0.949572978022513,"Stochastic"
"788","Black Rockfish","Recruitment","Relative Yield","Transient","0.7",10,0.829463953795556,0.720541886113089,0.947013560709477,"Stochastic"
"789","Black Rockfish","Recruitment","Relative Yield","Transient","0.7",11,0.82738751334135,0.714574803949483,0.948003502016208,"Stochastic"
"790","Black Rockfish","Recruitment","Relative Yield","Transient","0.7",12,0.825979267606745,0.711715573936634,0.951479584882969,"Stochastic"
"791","Black Rockfish","Recruitment","Relative Yield","Transient","0.7",13,0.826979768606976,0.711406628348951,0.957784080218502,"Stochastic"
"792","Black Rockfish","Recruitment","Relative Yield","Transient","0.7",14,0.831571090750959,0.712104759380242,0.959967980940017,"Stochastic"
"793","Black Rockfish","Recruitment","Relative Yield","Transient","0.7",15,0.834906562831988,0.716412575806294,0.965243056277282,"Stochastic"
"794","Black Rockfish","Recruitment","Relative Yield","Transient","0.7",16,0.837163671916555,0.71544548700431,0.969089333271205,"Stochastic"
"795","Black Rockfish","Recruitment","Relative Yield","Transient","0.7",17,0.841876756577399,0.721755584153256,0.973667613018516,"Stochastic"
"796","Black Rockfish","Recruitment","Relative Yield","Transient","0.7",18,0.847282592163762,0.725582891450689,0.976487051752745,"Stochastic"
"797","Black Rockfish","Recruitment","Relative Yield","Transient","0.7",19,0.851524433304439,0.72621133001097,0.976001325362115,"Stochastic"
"798","Black Rockfish","Recruitment","Relative Yield","Transient","0.7",20,0.854704740242329,0.729638138950915,0.980890966446709,"Stochastic"
"862","Black Rockfish","Recruitment","Relative Effort","Static","0.7",0,1,1,1,"Stochastic"
"863","Black Rockfish","Recruitment","Relative Effort","Static","0.7",1,1.1,1.1,1.1,"Stochastic"
"864","Black Rockfish","Recruitment","Relative Effort","Static","0.7",2,1.21,1.21,1.21,"Stochastic"
"865","Black Rockfish","Recruitment","Relative Effort","Static","0.7",3,1.331,1.331,1.331,"Stochastic"
"866","Black Rockfish","Recruitment","Relative Effort","Static","0.7",4,1.4641,1.4641,1.4641,"Stochastic"
"867","Black Rockfish","Recruitment","Relative Effort","Static","0.7",5,1.61051,1.31769,1.61051,"Stochastic"
"868","Black Rockfish","Recruitment","Relative Effort","Static","0.7",6,1.771561,1.449459,1.771561,"Stochastic"
"869","Black Rockfish","Recruitment","Relative Effort","Static","0.7",7,1.9487171,1.3045131,1.9487171,"Stochastic"
"870","Black Rockfish","Recruitment","Relative Effort","Static","0.7",8,1.75384539,1.17406179,2.14358881,"Stochastic"
"871","Black Rockfish","Recruitment","Relative Effort","Static","0.7",9,1.578460851,1.056655611,2.357947691,"Stochastic"
"872","Black Rockfish","Recruitment","Relative Effort","Static","0.7",10,1.4206147659,1.1623211721,2.1221529219,"Stochastic"
"873","Black Rockfish","Recruitment","Relative Effort","Static","0.7",11,1.56267624249,1.04608905489,1.90993762971,"Stochastic"
"874","Black Rockfish","Recruitment","Relative Effort","Static","0.7",12,1.406408618241,0.941480149401001,1.718943866739,"Stochastic"
"875","Black Rockfish","Recruitment","Relative Effort","Static","0.7",13,1.2657677564169,1.0356281643411,1.8908382534129,"Stochastic"
"876","Black Rockfish","Recruitment","Relative Effort","Static","0.7",14,1.13919098077521,0.93206534790699,1.70175442807161,"Stochastic"
"877","Black Rockfish","Recruitment","Relative Effort","Static","0.7",15,1.25311007885273,0.838858813116292,1.53157898526445,"Stochastic"
"878","Black Rockfish","Recruitment","Relative Effort","Static","0.7",16,1.12779907096746,0.754972931804663,1.68473688379089,"Stochastic"
"879","Black Rockfish","Recruitment","Relative Effort","Static","0.7",17,1.01501916387071,0.830470224985129,1.51626319541181,"Stochastic"
"880","Black Rockfish","Recruitment","Relative Effort","Static","0.7",18,1.11652108025778,0.747423202486616,1.36463687587063,"Stochastic"
"881","Black Rockfish","Recruitment","Relative Effort","Static","0.7",19,1.00486897223201,0.672680882237955,1.50110056345769,"Stochastic"
"882","Black Rockfish","Recruitment","Relative Effort","Static","0.7",20,0.904382075008806,0.73994897046175,1.35099050711192,"Stochastic"
"946","Black Rockfish","Recruitment","Relative Effort","Transient","0.7",0,1,1,1,"Stochastic"
"947","Black Rockfish","Recruitment","Relative Effort","Transient","0.7",1,1.1,0.9,1.1,"Stochastic"
"948","Black Rockfish","Recruitment","Relative Effort","Transient","0.7",2,0.99,0.81,1.21,"Stochastic"
"949","Black Rockfish","Recruitment","Relative Effort","Transient","0.7",3,0.891,0.729,1.331,"Stochastic"
"950","Black Rockfish","Recruitment","Relative Effort","Transient","0.7",4,0.9801,0.6561,1.1979,"Stochastic"
"951","Black Rockfish","Recruitment","Relative Effort","Transient","0.7",5,0.88209,0.72171,1.31769,"Stochastic"
"952","Black Rockfish","Recruitment","Relative Effort","Transient","0.7",6,0.970299,0.649539,1.185921,"Stochastic"
"953","Black Rockfish","Recruitment","Relative Effort","Transient","0.7",7,0.8732691,0.5845851,1.3045131,"Stochastic"
"954","Black Rockfish","Recruitment","Relative Effort","Transient","0.7",8,0.785942190000001,0.64304361,1.17406179,"Stochastic"
"955","Black Rockfish","Recruitment","Relative Effort","Transient","0.7",9,0.864536409,0.578739249,1.291467969,"Stochastic"
"956","Black Rockfish","Recruitment","Relative Effort","Transient","0.7",10,0.778082768100001,0.6366131739,1.1623211721,"Stochastic"
"957","Black Rockfish","Recruitment","Relative Effort","Transient","0.7",11,0.85589104491,0.57295185651,1.27855328931,"Stochastic"
"958","Black Rockfish","Recruitment","Relative Effort","Transient","0.7",12,0.770301940419001,0.515656670859,1.150697960379,"Stochastic"
"959","Black Rockfish","Recruitment","Relative Effort","Transient","0.7",13,0.8473321344609,0.5672223379449,1.2657677564169,"Stochastic"
"960","Black Rockfish","Recruitment","Relative Effort","Transient","0.7",14,0.762598921014811,0.510500104150411,1.13919098077521,"Stochastic"
"961","Black Rockfish","Recruitment","Relative Effort","Transient","0.7",15,0.838858813116292,0.561550114565451,1.25311007885273,"Stochastic"
"962","Black Rockfish","Recruitment","Relative Effort","Transient","0.7",16,0.754972931804663,0.617705126021996,1.12779907096746,"Stochastic"
"963","Black Rockfish","Recruitment","Relative Effort","Transient","0.7",17,0.830470224985129,0.555934613419797,1.2405789780642,"Stochastic"
"964","Black Rockfish","Recruitment","Relative Effort","Transient","0.7",18,0.913517247483641,0.611528074761776,1.11652108025778,"Stochastic"
"965","Black Rockfish","Recruitment","Relative Effort","Transient","0.7",19,0.822165522735278,0.550375267285599,1.22817318828356,"Stochastic"
"966","Black Rockfish","Recruitment","Relative Effort","Transient","0.7",20,0.904382075008805,0.605412794014159,1.10535586945521,"Stochastic"
"1030","Black Rockfish","Both","Relative Biomass","Static","0.7",0,1,1,1,"Stochastic"
"1031","Black Rockfish","Both","Relative Biomass","Static","0.7",1,0.999689555298276,0.982777509341332,1.01896693040899,"Stochastic"
"1032","Black Rockfish","Both","Relative Biomass","Static","0.7",2,0.999863801689537,0.972026624723812,1.03036055716789,"Stochastic"
"1033","Black Rockfish","Both","Relative Biomass","Static","0.7",3,0.999169266774884,0.96137070617853,1.03952118836566,"Stochastic"
"1034","Black Rockfish","Both","Relative Biomass","Static","0.7",4,0.995928028569991,0.951704598730291,1.04401936422273,"Stochastic"
"1035","Black Rockfish","Both","Relative Biomass","Static","0.7",5,0.991375736240867,0.940582586714052,1.04799625874853,"Stochastic"
"1036","Black Rockfish","Both","Relative Biomass","Static","0.7",6,0.987346530103701,0.930897281114049,1.04770688084193,"Stochastic"
"1037","Black Rockfish","Both","Relative Biomass","Static","0.7",7,0.980221780838654,0.919686504899974,1.0451612503634,"Stochastic"
"1038","Black Rockfish","Both","Relative Biomass","Static","0.7",8,0.972500093716569,0.908423637613011,1.0407336912716,"Stochastic"
"1039","Black Rockfish","Both","Relative Biomass","Static","0.7",9,0.963987553115664,0.897156157027541,1.03453750382471,"Stochastic"
"1040","Black Rockfish","Both","Relative Biomass","Static","0.7",10,0.954980231720899,0.883681995169084,1.02768427041338,"Stochastic"
"1041","Black Rockfish","Both","Relative Biomass","Static","0.7",11,0.945564628600134,0.874720404242334,1.02019239224632,"Stochastic"
"1042","Black Rockfish","Both","Relative Biomass","Static","0.7",12,0.935146444008199,0.859744649395544,1.01548922140745,"Stochastic"
"1043","Black Rockfish","Both","Relative Biomass","Static","0.7",13,0.923756449489184,0.84815686362282,1.00771952265247,"Stochastic"
"1044","Black Rockfish","Both","Relative Biomass","Static","0.7",14,0.913237209363938,0.836164550182959,0.998642062071206,"Stochastic"
"1045","Black Rockfish","Both","Relative Biomass","Static","0.7",15,0.901594235908681,0.821492884582915,0.992772811106841,"Stochastic"
"1046","Black Rockfish","Both","Relative Biomass","Static","0.7",16,0.888941497359591,0.807666744217824,0.983463082768536,"Stochastic"
"1047","Black Rockfish","Both","Relative Biomass","Static","0.7",17,0.876622366399518,0.795244186510418,0.973012561264275,"Stochastic"
"1048","Black Rockfish","Both","Relative Biomass","Static","0.7",18,0.864540239151828,0.780889143677442,0.963547231039264,"Stochastic"
"1049","Black Rockfish","Both","Relative Biomass","Static","0.7",19,0.850767082488133,0.766573213584577,0.952347035588173,"Stochastic"
"1050","Black Rockfish","Both","Relative Biomass","Static","0.7",20,0.837107436555512,0.756034065145967,0.943989634702713,"Stochastic"
"1114","Black Rockfish","Both","Relative Biomass","Transient","0.7",0,1,1,1,"Stochastic"
"1115","Black Rockfish","Both","Relative Biomass","Transient","0.7",1,0.999065889227595,0.982397006370844,1.01854369198145,"Stochastic"
"1116","Black Rockfish","Both","Relative Biomass","Transient","0.7",2,1.00240786585054,0.973888547784116,1.03322726787392,"Stochastic"
"1117","Black Rockfish","Both","Relative Biomass","Transient","0.7",3,1.00479870485094,0.96692012147734,1.04540147037292,"Stochastic"
"1118","Black Rockfish","Both","Relative Biomass","Transient","0.7",4,1.0078076289347,0.961587589815236,1.05587089587669,"Stochastic"
"1119","Black Rockfish","Both","Relative Biomass","Transient","0.7",5,1.00937302593606,0.958333047998821,1.0654252826381,"Stochastic"
"1120","Black Rockfish","Both","Relative Biomass","Transient","0.7",6,1.01012400926659,0.952386651452858,1.07255588564294,"Stochastic"
"1121","Black Rockfish","Both","Relative Biomass","Transient","0.7",7,1.01008131927843,0.949423925551543,1.07564395241205,"Stochastic"
"1122","Black Rockfish","Both","Relative Biomass","Transient","0.7",8,1.00742676318045,0.942736672963636,1.07711386008349,"Stochastic"
"1123","Black Rockfish","Both","Relative Biomass","Transient","0.7",9,1.00377229988594,0.936937636470302,1.07931318597842,"Stochastic"
"1124","Black Rockfish","Both","Relative Biomass","Transient","0.7",10,0.999514042449132,0.928044084957456,1.0786677984983,"Stochastic"
"1125","Black Rockfish","Both","Relative Biomass","Transient","0.7",11,0.992757577462257,0.919542486193222,1.07629069086377,"Stochastic"
"1126","Black Rockfish","Both","Relative Biomass","Transient","0.7",12,0.987578416275555,0.908418790368639,1.07356497516766,"Stochastic"
"1127","Black Rockfish","Both","Relative Biomass","Transient","0.7",13,0.981704898576159,0.899237590340715,1.06874047879545,"Stochastic"
"1128","Black Rockfish","Both","Relative Biomass","Transient","0.7",14,0.973860387844367,0.887930976391959,1.06273811824631,"Stochastic"
"1129","Black Rockfish","Both","Relative Biomass","Transient","0.7",15,0.965007841276412,0.878261221318344,1.06034146029166,"Stochastic"
"1130","Black Rockfish","Both","Relative Biomass","Transient","0.7",16,0.955688062005428,0.864959677058467,1.05423373580722,"Stochastic"
"1131","Black Rockfish","Both","Relative Biomass","Transient","0.7",17,0.945592917073334,0.85382859804242,1.04727797015456,"Stochastic"
"1132","Black Rockfish","Both","Relative Biomass","Transient","0.7",18,0.934503196558381,0.840113556387346,1.04315392324404,"Stochastic"
"1133","Black Rockfish","Both","Relative Biomass","Transient","0.7",19,0.923884485633983,0.826698081809487,1.03458590937261,"Stochastic"
"1134","Black Rockfish","Both","Relative Biomass","Transient","0.7",20,0.910161530192338,0.814262026417856,1.02713627389744,"Stochastic"
"1198","Black Rockfish","Both","Relative Yield","Static","0.7",0,1,1,1,"Stochastic"
"1199","Black Rockfish","Both","Relative Yield","Static","0.7",1,1.00749862868633,0.967604357981601,1.03272387720693,"Stochastic"
"1200","Black Rockfish","Both","Relative Yield","Static","0.7",2,0.991577739070045,0.942131455002725,1.03990019637483,"Stochastic"
"1201","Black Rockfish","Both","Relative Yield","Static","0.7",3,0.982483615772878,0.923161578398908,1.04293535857391,"Stochastic"
"1202","Black Rockfish","Both","Relative Yield","Static","0.7",4,0.975691166582893,0.910109466658117,1.04409015036533,"Stochastic"
"1203","Black Rockfish","Both","Relative Yield","Static","0.7",5,0.966296557644685,0.895849291665156,1.03878508146774,"Stochastic"
"1204","Black Rockfish","Both","Relative Yield","Static","0.7",6,0.957309722064405,0.885231638221292,1.03470425735234,"Stochastic"
"1205","Black Rockfish","Both","Relative Yield","Static","0.7",7,0.947753920895534,0.874054221234984,1.02746636017283,"Stochastic"
"1206","Black Rockfish","Both","Relative Yield","Static","0.7",8,0.939652973883343,0.864568065319359,1.01776435045657,"Stochastic"
"1207","Black Rockfish","Both","Relative Yield","Static","0.7",9,0.925261294978532,0.850134145508231,1.01231673677161,"Stochastic"
"1208","Black Rockfish","Both","Relative Yield","Static","0.7",10,0.914536293787681,0.834843869819591,0.998042875419147,"Stochastic"
"1209","Black Rockfish","Both","Relative Yield","Static","0.7",11,0.903081776881622,0.820124055204158,0.983336199018768,"Stochastic"
"1210","Black Rockfish","Both","Relative Yield","Static","0.7",12,0.888662102233023,0.806572048659356,0.973372376470337,"Stochastic"
"1211","Black Rockfish","Both","Relative Yield","Static","0.7",13,0.874342749517372,0.790126893092233,0.9623045986428,"Stochastic"
"1212","Black Rockfish","Both","Relative Yield","Static","0.7",14,0.859592817470888,0.772704722521397,0.951309018062261,"Stochastic"
"1213","Black Rockfish","Both","Relative Yield","Static","0.7",15,0.842097076674413,0.750126042182681,0.937271811554861,"Stochastic"
"1214","Black Rockfish","Both","Relative Yield","Static","0.7",16,0.828072322097547,0.728320043422256,0.926673653524313,"Stochastic"
"1215","Black Rockfish","Both","Relative Yield","Static","0.7",17,0.812283209422715,0.708721559200186,0.913138243470557,"Stochastic"
"1216","Black Rockfish","Both","Relative Yield","Static","0.7",18,0.791104886800324,0.68469829867214,0.897119183011007,"Stochastic"
"1217","Black Rockfish","Both","Relative Yield","Static","0.7",19,0.769041393382718,0.662112895549615,0.882695669063105,"Stochastic"
"1218","Black Rockfish","Both","Relative Yield","Static","0.7",20,0.750183468031322,0.640659015601154,0.865424148088115,"Stochastic"
"1282","Black Rockfish","Both","Relative Yield","Transient","0.7",0,1,1,1,"Stochastic"
"1283","Black Rockfish","Both","Relative Yield","Transient","0.7",1,0.987002590722975,0.935871051761229,1.02211911841212,"Stochastic"
"1284","Black Rockfish","Both","Relative Yield","Transient","0.7",2,0.963046697792308,0.911293427012188,1.01506620171057,"Stochastic"
"1285","Black Rockfish","Both","Relative Yield","Transient","0.7",3,0.948694627699451,0.889801777432755,1.01266673274925,"Stochastic"
"1286","Black Rockfish","Both","Relative Yield","Transient","0.7",4,0.941468113008766,0.874808045705843,1.01185588983394,"Stochastic"
"1287","Black Rockfish","Both","Relative Yield","Transient","0.7",5,0.938318399184136,0.868148526563852,1.00906063486312,"Stochastic"
"1288","Black Rockfish","Both","Relative Yield","Transient","0.7",6,0.935553379842838,0.862999194000873,1.0116576918714,"Stochastic"
"1289","Black Rockfish","Both","Relative Yield","Transient","0.7",7,0.932122400010992,0.857343946248563,1.00810774248595,"Stochastic"
"1290","Black Rockfish","Both","Relative Yield","Transient","0.7",8,0.928646138709081,0.849891414748727,1.00686356533588,"Stochastic"
"1291","Black Rockfish","Both","Relative Yield","Transient","0.7",9,0.924140949772607,0.847305260688601,1.00495563352505,"Stochastic"
"1292","Black Rockfish","Both","Relative Yield","Transient","0.7",10,0.922632586177258,0.843262157903737,1.00223689626294,"Stochastic"
"1293","Black Rockfish","Both","Relative Yield","Transient","0.7",11,0.916608080827157,0.835785985572108,0.999438359576028,"Stochastic"
"1294","Black Rockfish","Both","Relative Yield","Transient","0.7",12,0.911437805153021,0.829866017599658,0.99508109944353,"Stochastic"
"1295","Black Rockfish","Both","Relative Yield","Transient","0.7",13,0.903625868206348,0.818517051755089,0.989900072314174,"Stochastic"
"1296","Black Rockfish","Both","Relative Yield","Transient","0.7",14,0.897536821064879,0.808067755054587,0.985212524795658,"Stochastic"
"1297","Black Rockfish","Both","Relative Yield","Transient","0.7",15,0.889015968703541,0.795508424465988,0.977381357265349,"Stochastic"
"1298","Black Rockfish","Both","Relative Yield","Transient","0.7",16,0.877844200019104,0.78409127894337,0.96945318009132,"Stochastic"
"1299","Black Rockfish","Both","Relative Yield","Transient","0.7",17,0.86787175620083,0.768285409623585,0.960847018920595,"Stochastic"
"1300","Black Rockfish","Both","Relative Yield","Transient","0.7",18,0.858513711158006,0.749011219828923,0.952603001301582,"Stochastic"
"1301","Black Rockfish","Both","Relative Yield","Transient","0.7",19,0.844059581676112,0.733355139413652,0.940252164377381,"Stochastic"
"1302","Black Rockfish","Both","Relative Yield","Transient","0.7",20,0.828638060118784,0.713847753426061,0.935072058389958,"Stochastic"
"1366","Black Rockfish","Both","Relative Effort","Static","0.7",0,1,1,1,"Stochastic"
"1367","Black Rockfish","Both","Relative Effort","Static","0.7",1,1.1,0.9,1.1,"Stochastic"
"1368","Black Rockfish","Both","Relative Effort","Static","0.7",2,1.21,0.99,1.21,"Stochastic"
"1369","Black Rockfish","Both","Relative Effort","Static","0.7",3,1.089,1.089,1.331,"Stochastic"
"1370","Black Rockfish","Both","Relative Effort","Static","0.7",4,1.1979,0.9801,1.4641,"Stochastic"
"1371","Black Rockfish","Both","Relative Effort","Static","0.7",5,1.31769,1.07811,1.31769,"Stochastic"
"1372","Black Rockfish","Both","Relative Effort","Static","0.7",6,1.449459,1.185921,1.449459,"Stochastic"
"1373","Black Rockfish","Both","Relative Effort","Static","0.7",7,1.3045131,1.0673289,1.5944049,"Stochastic"
"1374","Black Rockfish","Both","Relative Effort","Static","0.7",8,1.43496441,1.17406179,1.75384539,"Stochastic"
"1375","Black Rockfish","Both","Relative Effort","Static","0.7",9,1.578460851,1.291467969,1.929229929,"Stochastic"
"1376","Black Rockfish","Both","Relative Effort","Static","0.7",10,1.7363069361,1.4206147659,1.7363069361,"Stochastic"
"1377","Black Rockfish","Both","Relative Effort","Static","0.7",11,1.56267624249,1.27855328931,1.90993762971,"Stochastic"
"1378","Black Rockfish","Both","Relative Effort","Static","0.7",12,1.718943866739,1.406408618241,2.100931392681,"Stochastic"
"1379","Black Rockfish","Both","Relative Effort","Static","0.7",13,1.8908382534129,1.5470494800651,2.3110245319491,"Stochastic"
"1380","Black Rockfish","Both","Relative Effort","Static","0.7",14,2.07992207875419,1.39234453205859,2.54212698514401,"Stochastic"
"1381","Black Rockfish","Both","Relative Effort","Static","0.7",15,1.87192987087877,1.53157898526445,2.28791428662961,"Stochastic"
"1382","Black Rockfish","Both","Relative Effort","Static","0.7",16,2.05912285796665,1.68473688379089,2.51670571529257,"Stochastic"
"1383","Black Rockfish","Both","Relative Effort","Static","0.7",17,2.26503514376332,1.51626319541181,2.76837628682183,"Stochastic"
"1384","Black Rockfish","Both","Relative Effort","Static","0.7",18,2.49153865813965,1.66788951495299,3.04521391550401,"Stochastic"
"1385","Black Rockfish","Both","Relative Effort","Static","0.7",19,2.24238479232568,1.83467846644829,3.34973530705441,"Stochastic"
"1386","Black Rockfish","Both","Relative Effort","Static","0.7",20,2.46662327155825,2.01814631309311,3.68470883775985,"Stochastic"
"1450","Black Rockfish","Both","Relative Effort","Transient","0.7",0,1,1,1,"Stochastic"
"1451","Black Rockfish","Both","Relative Effort","Transient","0.7",1,1.1,0.9,1.1,"Stochastic"
"1452","Black Rockfish","Both","Relative Effort","Transient","0.7",2,0.99,0.99,1.21,"Stochastic"
"1453","Black Rockfish","Both","Relative Effort","Transient","0.7",3,1.089,0.891,1.089,"Stochastic"
"1454","Black Rockfish","Both","Relative Effort","Transient","0.7",4,0.9801,0.9801,1.1979,"Stochastic"
"1455","Black Rockfish","Both","Relative Effort","Transient","0.7",5,1.07811,0.88209,1.31769,"Stochastic"
"1456","Black Rockfish","Both","Relative Effort","Transient","0.7",6,1.185921,0.970299,1.449459,"Stochastic"
"1457","Black Rockfish","Both","Relative Effort","Transient","0.7",7,1.0673289,0.873269100000001,1.3045131,"Stochastic"
"1458","Black Rockfish","Both","Relative Effort","Transient","0.7",8,1.17406179,0.96059601,1.43496441,"Stochastic"
"1459","Black Rockfish","Both","Relative Effort","Transient","0.7",9,1.291467969,1.056655611,1.578460851,"Stochastic"
"1460","Black Rockfish","Both","Relative Effort","Transient","0.7",10,1.1623211721,0.950990049900001,1.7363069361,"Stochastic"
"1461","Black Rockfish","Both","Relative Effort","Transient","0.7",11,1.27855328931,1.04608905489,1.56267624249,"Stochastic"
"1462","Black Rockfish","Both","Relative Effort","Transient","0.7",12,1.406408618241,1.150697960379,1.718943866739,"Stochastic"
"1463","Black Rockfish","Both","Relative Effort","Transient","0.7",13,1.5470494800651,1.0356281643411,1.8908382534129,"Stochastic"
"1464","Black Rockfish","Both","Relative Effort","Transient","0.7",14,1.39234453205859,1.13919098077521,2.07992207875419,"Stochastic"
"1465","Black Rockfish","Both","Relative Effort","Transient","0.7",15,1.53157898526445,1.25311007885273,1.87192987087877,"Stochastic"
"1466","Black Rockfish","Both","Relative Effort","Transient","0.7",16,1.6847368837909,1.12779907096746,2.05912285796665,"Stochastic"
"1467","Black Rockfish","Both","Relative Effort","Transient","0.7",17,1.85321057216998,1.2405789780642,2.26503514376332,"Stochastic"
"1468","Black Rockfish","Both","Relative Effort","Transient","0.7",18,1.66788951495299,1.36463687587062,2.49153865813965,"Stochastic"
"1469","Black Rockfish","Both","Relative Effort","Transient","0.7",19,1.83467846644829,1.22817318828356,2.74069252395361,"Stochastic"
"1470","Black Rockfish","Both","Relative Effort","Transient","0.7",20,2.01814631309311,1.35099050711192,2.46662327155825,"Stochastic"
"221","Canary Rockfish","Recruitment","Relative Biomass","Static","0.7",0,1,1,1,"Deterministic"
"231","Canary Rockfish","Recruitment","Relative Biomass","Static","0.7",1,0.99826860858438,0.99826860858438,0.99826860858438,"Deterministic"
"241","Canary Rockfish","Recruitment","Relative Biomass","Static","0.7",2,0.994539578080038,0.994539578080038,0.994539578080038,"Deterministic"
"251","Canary Rockfish","Recruitment","Relative Biomass","Static","0.7",3,0.988667944899998,0.988667944899998,0.988667944899998,"Deterministic"
"261","Canary Rockfish","Recruitment","Relative Biomass","Static","0.7",4,0.980527487845888,0.980527487845888,0.980527487845888,"Deterministic"
"271","Canary Rockfish","Recruitment","Relative Biomass","Static","0.7",5,0.970014374297071,0.970014374297071,0.970014374297071,"Deterministic"
"2810","Canary Rockfish","Recruitment","Relative Biomass","Static","0.7",6,0.9570509621848,0.9570509621848,0.9570509621848,"Deterministic"
"295","Canary Rockfish","Recruitment","Relative Biomass","Static","0.7",7,0.941590145668351,0.941590145668351,0.941590145668351,"Deterministic"
"301","Canary Rockfish","Recruitment","Relative Biomass","Static","0.7",8,0.923619659450676,0.923619659450676,0.923619659450676,"Deterministic"
"311","Canary Rockfish","Recruitment","Relative Biomass","Static","0.7",9,0.903165981920044,0.903165981920044,0.903165981920044,"Deterministic"
"321","Canary Rockfish","Recruitment","Relative Biomass","Static","0.7",10,0.880297929009202,0.880297929009202,0.880297929009202,"Deterministic"
"331","Canary Rockfish","Recruitment","Relative Biomass","Static","0.7",11,0.855129980038588,0.855129980038588,0.855129980038588,"Deterministic"
"341","Canary Rockfish","Recruitment","Relative Biomass","Static","0.7",12,0.827825151233256,0.827825151233256,0.827825151233256,"Deterministic"
"351","Canary Rockfish","Recruitment","Relative Biomass","Static","0.7",13,0.807572091321008,0.807572091321008,0.807572091321008,"Deterministic"
"3610","Canary Rockfish","Recruitment","Relative Biomass","Static","0.7",14,0.793196746803209,0.793196746803209,0.793196746803209,"Deterministic"
"379","Canary Rockfish","Recruitment","Relative Biomass","Static","0.7",15,0.783780188623432,0.783780188623432,0.783780188623432,"Deterministic"
"381","Canary Rockfish","Recruitment","Relative Biomass","Static","0.7",16,0.778593696721971,0.778593696721971,0.778593696721971,"Deterministic"
"391","Canary Rockfish","Recruitment","Relative Biomass","Static","0.7",17,0.777051053999722,0.777051053999722,0.777051053999722,"Deterministic"
"401","Canary Rockfish","Recruitment","Relative Biomass","Static","0.7",18,0.778672880673109,0.778672880673109,0.778672880673109,"Deterministic"
"411","Canary Rockfish","Recruitment","Relative Biomass","Static","0.7",19,0.783059290076554,0.783059290076554,0.783059290076554,"Deterministic"
"421","Canary Rockfish","Recruitment","Relative Biomass","Static","0.7",20,0.789869787692034,0.789869787692034,0.789869787692034,"Deterministic"
"1061","Canary Rockfish","Recruitment","Relative Biomass","Transient","0.7",0,1,1,1,"Deterministic"
"1071","Canary Rockfish","Recruitment","Relative Biomass","Transient","0.7",1,0.99826860858438,0.99826860858438,0.99826860858438,"Deterministic"
"1081","Canary Rockfish","Recruitment","Relative Biomass","Transient","0.7",2,0.999074621701588,0.999074621701588,0.999074621701588,"Deterministic"
"1091","Canary Rockfish","Recruitment","Relative Biomass","Transient","0.7",3,1.002129218023,1.002129218023,1.002129218023,"Deterministic"
"1101","Canary Rockfish","Recruitment","Relative Biomass","Transient","0.7",4,1.0071751496473,1.0071751496473,1.0071751496473,"Deterministic"
"1111","Canary Rockfish","Recruitment","Relative Biomass","Transient","0.7",5,1.01398099021619,1.01398099021619,1.01398099021619,"Deterministic"
"11210","Canary Rockfish","Recruitment","Relative Biomass","Transient","0.7",6,1.02233701665242,1.02233701665242,1.02233701665242,"Deterministic"
"1135","Canary Rockfish","Recruitment","Relative Biomass","Transient","0.7",7,1.03205219226461,1.03205219226461,1.03205219226461,"Deterministic"
"1141","Canary Rockfish","Recruitment","Relative Biomass","Transient","0.7",8,1.04295158818431,1.04295158818431,1.04295158818431,"Deterministic"
"1151","Canary Rockfish","Recruitment","Relative Biomass","Transient","0.7",9,1.05487430708737,1.05487430708737,1.05487430708737,"Deterministic"
"1161","Canary Rockfish","Recruitment","Relative Biomass","Transient","0.7",10,1.06767202411162,1.06767202411162,1.06767202411162,"Deterministic"
"1171","Canary Rockfish","Recruitment","Relative Biomass","Transient","0.7",11,1.07934736933074,1.07934736933074,1.07934736933074,"Deterministic"
"1181","Canary Rockfish","Recruitment","Relative Biomass","Transient","0.7",12,1.08973356939183,1.08973356939183,1.08973356939183,"Deterministic"
"1191","Canary Rockfish","Recruitment","Relative Biomass","Transient","0.7",13,1.09867096844559,1.09867096844559,1.09867096844559,"Deterministic"
"12010","Canary Rockfish","Recruitment","Relative Biomass","Transient","0.7",14,1.10600809659061,1.10600809659061,1.10600809659061,"Deterministic"
"1219","Canary Rockfish","Recruitment","Relative Biomass","Transient","0.7",15,1.11160214810068,1.11160214810068,1.11160214810068,"Deterministic"
"1221","Canary Rockfish","Recruitment","Relative Biomass","Transient","0.7",16,1.11531917472585,1.11531917472585,1.11531917472585,"Deterministic"
"1231","Canary Rockfish","Recruitment","Relative Biomass","Transient","0.7",17,1.11703431120036,1.11703431120036,1.11703431120036,"Deterministic"
"1241","Canary Rockfish","Recruitment","Relative Biomass","Transient","0.7",18,1.11663214986226,1.11663214986226,1.11663214986226,"Deterministic"
"1251","Canary Rockfish","Recruitment","Relative Biomass","Transient","0.7",19,1.11400729331295,1.11400729331295,1.11400729331295,"Deterministic"
"1261","Canary Rockfish","Recruitment","Relative Biomass","Transient","0.7",20,1.1090651571021,1.1090651571021,1.1090651571021,"Deterministic"
"7781","Canary Rockfish","Recruitment","Relative Yield","Static","0.7",0,1,1,1,"Deterministic"
"7791","Canary Rockfish","Recruitment","Relative Yield","Static","0.7",1,1.05081558768619,1.05081558768619,1.05081558768619,"Deterministic"
"7801","Canary Rockfish","Recruitment","Relative Yield","Static","0.7",2,1.09856031622345,1.09856031622345,1.09856031622345,"Deterministic"
"7811","Canary Rockfish","Recruitment","Relative Yield","Static","0.7",3,1.14226824442143,1.14226824442143,1.14226824442143,"Deterministic"
"7821","Canary Rockfish","Recruitment","Relative Yield","Static","0.7",4,1.18094836785839,1.18094836785839,1.18094836785839,"Deterministic"
"7831","Canary Rockfish","Recruitment","Relative Yield","Static","0.7",5,1.21360493124629,1.21360493124629,1.21360493124629,"Deterministic"
"7841","Canary Rockfish","Recruitment","Relative Yield","Static","0.7",6,1.2392603928537,1.2392603928537,1.2392603928537,"Deterministic"
"7851","Canary Rockfish","Recruitment","Relative Yield","Static","0.7",7,1.25699417429336,1.25699417429336,1.25699417429336,"Deterministic"
"7861","Canary Rockfish","Recruitment","Relative Yield","Static","0.7",8,1.26598746902806,1.26598746902806,1.26598746902806,"Deterministic"
"7871","Canary Rockfish","Recruitment","Relative Yield","Static","0.7",9,1.26556378520781,1.26556378520781,1.26556378520781,"Deterministic"
"7881","Canary Rockfish","Recruitment","Relative Yield","Static","0.7",10,1.25522577760987,1.25522577760987,1.25522577760987,"Deterministic"
"7891","Canary Rockfish","Recruitment","Relative Yield","Static","0.7",11,1.23468958700303,1.23468958700303,1.23468958700303,"Deterministic"
"7901","Canary Rockfish","Recruitment","Relative Yield","Static","0.7",12,1.13227570704364,1.13227570704364,1.13227570704364,"Deterministic"
"7911","Canary Rockfish","Recruitment","Relative Yield","Static","0.7",13,1.04562502557927,1.04562502557927,1.04562502557927,"Deterministic"
"7921","Canary Rockfish","Recruitment","Relative Yield","Static","0.7",14,0.971728134870192,0.971728134870192,0.971728134870192,"Deterministic"
"7931","Canary Rockfish","Recruitment","Relative Yield","Static","0.7",15,0.908130548791499,0.908130548791499,0.908130548791499,"Deterministic"
"7941","Canary Rockfish","Recruitment","Relative Yield","Static","0.7",16,0.852811777271605,0.852811777271605,0.852811777271605,"Deterministic"
"7951","Canary Rockfish","Recruitment","Relative Yield","Static","0.7",17,0.804103097514645,0.804103097514645,0.804103097514645,"Deterministic"
"7961","Canary Rockfish","Recruitment","Relative Yield","Static","0.7",18,0.760642987852555,0.760642987852555,0.760642987852555,"Deterministic"
"7971","Canary Rockfish","Recruitment","Relative Yield","Static","0.7",19,0.721335930982375,0.721335930982375,0.721335930982375,"Deterministic"
"7981","Canary Rockfish","Recruitment","Relative Yield","Static","0.7",20,0.685304230279267,0.685304230279267,0.685304230279267,"Deterministic"
"8621","Canary Rockfish","Recruitment","Relative Yield","Transient","0.7",0,1,1,1,"Deterministic"
"8631","Canary Rockfish","Recruitment","Relative Yield","Transient","0.7",1,0.929106425561124,0.929106425561124,0.929106425561124,"Deterministic"
"8641","Canary Rockfish","Recruitment","Relative Yield","Transient","0.7",2,0.863577616576142,0.863577616576142,0.863577616576142,"Deterministic"
"8651","Canary Rockfish","Recruitment","Relative Yield","Transient","0.7",3,0.802852326005243,0.802852326005243,0.802852326005243,"Deterministic"
"8661","Canary Rockfish","Recruitment","Relative Yield","Transient","0.7",4,0.746442227251436,0.746442227251436,0.746442227251436,"Deterministic"
"8671","Canary Rockfish","Recruitment","Relative Yield","Transient","0.7",5,0.693920974059168,0.693920974059168,0.693920974059168,"Deterministic"
"8681","Canary Rockfish","Recruitment","Relative Yield","Transient","0.7",6,0.644915237308872,0.644915237308872,0.644915237308872,"Deterministic"
"8691","Canary Rockfish","Recruitment","Relative Yield","Transient","0.7",7,0.599109805856885,0.599109805856885,0.599109805856885,"Deterministic"
"8701","Canary Rockfish","Recruitment","Relative Yield","Transient","0.7",8,0.556246383449982,0.556246383449982,0.556246383449982,"Deterministic"
"8711","Canary Rockfish","Recruitment","Relative Yield","Transient","0.7",9,0.516111185301512,0.516111185301512,0.516111185301512,"Deterministic"
"8721","Canary Rockfish","Recruitment","Relative Yield","Transient","0.7",10,0.562969940314473,0.562969940314473,0.562969940314473,"Deterministic"
"8731","Canary Rockfish","Recruitment","Relative Yield","Transient","0.7",11,0.61227748355399,0.61227748355399,0.61227748355399,"Deterministic"
"8741","Canary Rockfish","Recruitment","Relative Yield","Transient","0.7",12,0.663802684099664,0.663802684099664,0.663802684099664,"Deterministic"
"8751","Canary Rockfish","Recruitment","Relative Yield","Transient","0.7",13,0.717244631548523,0.717244631548523,0.717244631548523,"Deterministic"
"8761","Canary Rockfish","Recruitment","Relative Yield","Transient","0.7",14,0.772225655580642,0.772225655580642,0.772225655580642,"Deterministic"
"8771","Canary Rockfish","Recruitment","Relative Yield","Transient","0.7",15,0.828283883810316,0.828283883810316,0.828283883810316,"Deterministic"
"8781","Canary Rockfish","Recruitment","Relative Yield","Transient","0.7",16,0.884865282077096,0.884865282077096,0.884865282077096,"Deterministic"
"8791","Canary Rockfish","Recruitment","Relative Yield","Transient","0.7",17,0.941321195757177,0.941321195757177,0.941321195757177,"Deterministic"
"8801","Canary Rockfish","Recruitment","Relative Yield","Transient","0.7",18,0.996912663413368,0.996912663413368,0.996912663413368,"Deterministic"
"8811","Canary Rockfish","Recruitment","Relative Yield","Transient","0.7",19,1.05081869097426,1.05081869097426,1.05081869097426,"Deterministic"
"8821","Canary Rockfish","Recruitment","Relative Yield","Transient","0.7",20,1.10214723280555,1.10214723280555,1.10214723280555,"Deterministic"
"1534","Canary Rockfish","Recruitment","Relative Effort","Static","0.7",0,1,1,1,"Deterministic"
"1535","Canary Rockfish","Recruitment","Relative Effort","Static","0.7",1,1.1,1.1,1.1,"Deterministic"
"1536","Canary Rockfish","Recruitment","Relative Effort","Static","0.7",2,1.21,1.21,1.21,"Deterministic"
"1537","Canary Rockfish","Recruitment","Relative Effort","Static","0.7",3,1.331,1.331,1.331,"Deterministic"
"1538","Canary Rockfish","Recruitment","Relative Effort","Static","0.7",4,1.4641,1.4641,1.4641,"Deterministic"
"1539","Canary Rockfish","Recruitment","Relative Effort","Static","0.7",5,1.61051,1.61051,1.61051,"Deterministic"
"1540","Canary Rockfish","Recruitment","Relative Effort","Static","0.7",6,1.771561,1.771561,1.771561,"Deterministic"
"1541","Canary Rockfish","Recruitment","Relative Effort","Static","0.7",7,1.9487171,1.9487171,1.9487171,"Deterministic"
"1542","Canary Rockfish","Recruitment","Relative Effort","Static","0.7",8,2.14358881,2.14358881,2.14358881,"Deterministic"
"1543","Canary Rockfish","Recruitment","Relative Effort","Static","0.7",9,2.357947691,2.357947691,2.357947691,"Deterministic"
"1544","Canary Rockfish","Recruitment","Relative Effort","Static","0.7",10,2.5937424601,2.5937424601,2.5937424601,"Deterministic"
"1545","Canary Rockfish","Recruitment","Relative Effort","Static","0.7",11,2.85311670611,2.85311670611,2.85311670611,"Deterministic"
"1546","Canary Rockfish","Recruitment","Relative Effort","Static","0.7",12,2.567805035499,2.567805035499,2.567805035499,"Deterministic"
"1547","Canary Rockfish","Recruitment","Relative Effort","Static","0.7",13,2.3110245319491,2.3110245319491,2.3110245319491,"Deterministic"
"1548","Canary Rockfish","Recruitment","Relative Effort","Static","0.7",14,2.07992207875419,2.07992207875419,2.07992207875419,"Deterministic"
"1549","Canary Rockfish","Recruitment","Relative Effort","Static","0.7",15,1.87192987087877,1.87192987087877,1.87192987087877,"Deterministic"
"1550","Canary Rockfish","Recruitment","Relative Effort","Static","0.7",16,1.6847368837909,1.6847368837909,1.6847368837909,"Deterministic"
"1551","Canary Rockfish","Recruitment","Relative Effort","Static","0.7",17,1.51626319541181,1.51626319541181,1.51626319541181,"Deterministic"
"1552","Canary Rockfish","Recruitment","Relative Effort","Static","0.7",18,1.36463687587063,1.36463687587063,1.36463687587063,"Deterministic"
"1553","Canary Rockfish","Recruitment","Relative Effort","Static","0.7",19,1.22817318828356,1.22817318828356,1.22817318828356,"Deterministic"
"1554","Canary Rockfish","Recruitment","Relative Effort","Static","0.7",20,1.10535586945521,1.10535586945521,1.10535586945521,"Deterministic"
"1618","Canary Rockfish","Recruitment","Relative Effort","Transient","0.7",0,1,1,1,"Deterministic"
"1619","Canary Rockfish","Recruitment","Relative Effort","Transient","0.7",1,0.9,0.9,0.9,"Deterministic"
"1620","Canary Rockfish","Recruitment","Relative Effort","Transient","0.7",2,0.81,0.81,0.81,"Deterministic"
"1621","Canary Rockfish","Recruitment","Relative Effort","Transient","0.7",3,0.729,0.729,0.729,"Deterministic"
"1622","Canary Rockfish","Recruitment","Relative Effort","Transient","0.7",4,0.6561,0.6561,0.6561,"Deterministic"
"1623","Canary Rockfish","Recruitment","Relative Effort","Transient","0.7",5,0.59049,0.59049,0.59049,"Deterministic"
"1624","Canary Rockfish","Recruitment","Relative Effort","Transient","0.7",6,0.531441,0.531441,0.531441,"Deterministic"
"1625","Canary Rockfish","Recruitment","Relative Effort","Transient","0.7",7,0.4782969,0.4782969,0.4782969,"Deterministic"
"1626","Canary Rockfish","Recruitment","Relative Effort","Transient","0.7",8,0.43046721,0.43046721,0.43046721,"Deterministic"
"1627","Canary Rockfish","Recruitment","Relative Effort","Transient","0.7",9,0.387420489,0.387420489,0.387420489,"Deterministic"
"1628","Canary Rockfish","Recruitment","Relative Effort","Transient","0.7",10,0.4261625379,0.4261625379,0.4261625379,"Deterministic"
"1629","Canary Rockfish","Recruitment","Relative Effort","Transient","0.7",11,0.46877879169,0.46877879169,0.46877879169,"Deterministic"
"1630","Canary Rockfish","Recruitment","Relative Effort","Transient","0.7",12,0.515656670859,0.515656670859,0.515656670859,"Deterministic"
"1631","Canary Rockfish","Recruitment","Relative Effort","Transient","0.7",13,0.567222337944901,0.567222337944901,0.567222337944901,"Deterministic"
"1632","Canary Rockfish","Recruitment","Relative Effort","Transient","0.7",14,0.623944571739391,0.623944571739391,0.623944571739391,"Deterministic"
"1633","Canary Rockfish","Recruitment","Relative Effort","Transient","0.7",15,0.68633902891333,0.68633902891333,0.68633902891333,"Deterministic"
"1634","Canary Rockfish","Recruitment","Relative Effort","Transient","0.7",16,0.754972931804663,0.754972931804663,0.754972931804663,"Deterministic"
"1635","Canary Rockfish","Recruitment","Relative Effort","Transient","0.7",17,0.83047022498513,0.83047022498513,0.83047022498513,"Deterministic"
"1636","Canary Rockfish","Recruitment","Relative Effort","Transient","0.7",18,0.913517247483643,0.913517247483643,0.913517247483643,"Deterministic"
"1637","Canary Rockfish","Recruitment","Relative Effort","Transient","0.7",19,1.00486897223201,1.00486897223201,1.00486897223201,"Deterministic"
"1638","Canary Rockfish","Recruitment","Relative Effort","Transient","0.7",20,1.10535586945521,1.10535586945521,1.10535586945521,"Deterministic"
"2290","Canary Rockfish","Sampling","Relative Biomass","Static","0.7",0,1,1,1,"Deterministic"
"2291","Canary Rockfish","Sampling","Relative Biomass","Static","0.7",1,0.99826860858438,0.99826860858438,0.99826860858438,"Deterministic"
"2292","Canary Rockfish","Sampling","Relative Biomass","Static","0.7",2,0.994539578080038,0.994539578080038,0.994539578080038,"Deterministic"
"2293","Canary Rockfish","Sampling","Relative Biomass","Static","0.7",3,0.988667944899998,0.988667944899998,0.988667944899998,"Deterministic"
"2294","Canary Rockfish","Sampling","Relative Biomass","Static","0.7",4,0.980527487845888,0.980527487845888,0.980527487845888,"Deterministic"
"2295","Canary Rockfish","Sampling","Relative Biomass","Static","0.7",5,0.970014374297071,0.970014374297071,0.970014374297071,"Deterministic"
"2296","Canary Rockfish","Sampling","Relative Biomass","Static","0.7",6,0.9570509621848,0.9570509621848,0.9570509621848,"Deterministic"
"2297","Canary Rockfish","Sampling","Relative Biomass","Static","0.7",7,0.941590145668351,0.941590145668351,0.941590145668351,"Deterministic"
"2298","Canary Rockfish","Sampling","Relative Biomass","Static","0.7",8,0.923619659450676,0.923619659450676,0.923619659450676,"Deterministic"
"2299","Canary Rockfish","Sampling","Relative Biomass","Static","0.7",9,0.903165981920044,0.903165981920044,0.903165981920044,"Deterministic"
"2300","Canary Rockfish","Sampling","Relative Biomass","Static","0.7",10,0.880297929009202,0.880297929009202,0.880297929009202,"Deterministic"
"2301","Canary Rockfish","Sampling","Relative Biomass","Static","0.7",11,0.855129980038588,0.855129980038588,0.855129980038588,"Deterministic"
"2302","Canary Rockfish","Sampling","Relative Biomass","Static","0.7",12,0.827825151233256,0.827825151233256,0.827825151233256,"Deterministic"
"2303","Canary Rockfish","Sampling","Relative Biomass","Static","0.7",13,0.807572091321008,0.807572091321008,0.807572091321008,"Deterministic"
"2304","Canary Rockfish","Sampling","Relative Biomass","Static","0.7",14,0.793196746803209,0.793196746803209,0.793196746803209,"Deterministic"
"2305","Canary Rockfish","Sampling","Relative Biomass","Static","0.7",15,0.783780188623432,0.783780188623432,0.783780188623432,"Deterministic"
"2306","Canary Rockfish","Sampling","Relative Biomass","Static","0.7",16,0.778593696721971,0.778593696721971,0.778593696721971,"Deterministic"
"2307","Canary Rockfish","Sampling","Relative Biomass","Static","0.7",17,0.777051053999722,0.777051053999722,0.777051053999722,"Deterministic"
"2308","Canary Rockfish","Sampling","Relative Biomass","Static","0.7",18,0.778672880673109,0.778672880673109,0.778672880673109,"Deterministic"
"2309","Canary Rockfish","Sampling","Relative Biomass","Static","0.7",19,0.783059290076554,0.783059290076554,0.783059290076554,"Deterministic"
"2310","Canary Rockfish","Sampling","Relative Biomass","Static","0.7",20,0.789869787692034,0.789869787692034,0.789869787692034,"Deterministic"
"2374","Canary Rockfish","Sampling","Relative Biomass","Transient","0.7",0,1,1,1,"Deterministic"
"2375","Canary Rockfish","Sampling","Relative Biomass","Transient","0.7",1,0.99826860858438,0.99826860858438,0.99826860858438,"Deterministic"
"2376","Canary Rockfish","Sampling","Relative Biomass","Transient","0.7",2,0.999074621701588,0.999074621701588,0.999074621701588,"Deterministic"
"2377","Canary Rockfish","Sampling","Relative Biomass","Transient","0.7",3,1.002129218023,1.002129218023,1.002129218023,"Deterministic"
"2378","Canary Rockfish","Sampling","Relative Biomass","Transient","0.7",4,1.0071751496473,1.0071751496473,1.0071751496473,"Deterministic"
"2379","Canary Rockfish","Sampling","Relative Biomass","Transient","0.7",5,1.01398099021619,1.01398099021619,1.01398099021619,"Deterministic"
"2380","Canary Rockfish","Sampling","Relative Biomass","Transient","0.7",6,1.02233701665242,1.02233701665242,1.02233701665242,"Deterministic"
"2381","Canary Rockfish","Sampling","Relative Biomass","Transient","0.7",7,1.03205219226461,1.03205219226461,1.03205219226461,"Deterministic"
"2382","Canary Rockfish","Sampling","Relative Biomass","Transient","0.7",8,1.04295158818431,1.04295158818431,1.04295158818431,"Deterministic"
"2383","Canary Rockfish","Sampling","Relative Biomass","Transient","0.7",9,1.05487430708737,1.05487430708737,1.05487430708737,"Deterministic"
"2384","Canary Rockfish","Sampling","Relative Biomass","Transient","0.7",10,1.06767202411162,1.06767202411162,1.06767202411162,"Deterministic"
"2385","Canary Rockfish","Sampling","Relative Biomass","Transient","0.7",11,1.07934736933074,1.07934736933074,1.07934736933074,"Deterministic"
"2386","Canary Rockfish","Sampling","Relative Biomass","Transient","0.7",12,1.08973356939183,1.08973356939183,1.08973356939183,"Deterministic"
"2387","Canary Rockfish","Sampling","Relative Biomass","Transient","0.7",13,1.09867096844559,1.09867096844559,1.09867096844559,"Deterministic"
"2388","Canary Rockfish","Sampling","Relative Biomass","Transient","0.7",14,1.10600809659061,1.10600809659061,1.10600809659061,"Deterministic"
"2389","Canary Rockfish","Sampling","Relative Biomass","Transient","0.7",15,1.11160214810068,1.11160214810068,1.11160214810068,"Deterministic"
"2390","Canary Rockfish","Sampling","Relative Biomass","Transient","0.7",16,1.11531917472585,1.11531917472585,1.11531917472585,"Deterministic"
"2391","Canary Rockfish","Sampling","Relative Biomass","Transient","0.7",17,1.11703431120036,1.11703431120036,1.11703431120036,"Deterministic"
"2392","Canary Rockfish","Sampling","Relative Biomass","Transient","0.7",18,1.11663214986226,1.11663214986226,1.11663214986226,"Deterministic"
"2393","Canary Rockfish","Sampling","Relative Biomass","Transient","0.7",19,1.11400729331295,1.11400729331295,1.11400729331295,"Deterministic"
"2394","Canary Rockfish","Sampling","Relative Biomass","Transient","0.7",20,1.1090651571021,1.1090651571021,1.1090651571021,"Deterministic"
"3046","Canary Rockfish","Sampling","Relative Yield","Static","0.7",0,1,1,1,"Deterministic"
"3047","Canary Rockfish","Sampling","Relative Yield","Static","0.7",1,1.05081558768619,1.05081558768619,1.05081558768619,"Deterministic"
"3048","Canary Rockfish","Sampling","Relative Yield","Static","0.7",2,1.09856031622345,1.09856031622345,1.09856031622345,"Deterministic"
"3049","Canary Rockfish","Sampling","Relative Yield","Static","0.7",3,1.14226824442143,1.14226824442143,1.14226824442143,"Deterministic"
"3050","Canary Rockfish","Sampling","Relative Yield","Static","0.7",4,1.18094836785839,1.18094836785839,1.18094836785839,"Deterministic"
"3051","Canary Rockfish","Sampling","Relative Yield","Static","0.7",5,1.21360493124629,1.21360493124629,1.21360493124629,"Deterministic"
"3052","Canary Rockfish","Sampling","Relative Yield","Static","0.7",6,1.2392603928537,1.2392603928537,1.2392603928537,"Deterministic"
"3053","Canary Rockfish","Sampling","Relative Yield","Static","0.7",7,1.25699417429336,1.25699417429336,1.25699417429336,"Deterministic"
"3054","Canary Rockfish","Sampling","Relative Yield","Static","0.7",8,1.26598746902806,1.26598746902806,1.26598746902806,"Deterministic"
"3055","Canary Rockfish","Sampling","Relative Yield","Static","0.7",9,1.26556378520781,1.26556378520781,1.26556378520781,"Deterministic"
"3056","Canary Rockfish","Sampling","Relative Yield","Static","0.7",10,1.25522577760987,1.25522577760987,1.25522577760987,"Deterministic"
"3057","Canary Rockfish","Sampling","Relative Yield","Static","0.7",11,1.23468958700303,1.23468958700303,1.23468958700303,"Deterministic"
"3058","Canary Rockfish","Sampling","Relative Yield","Static","0.7",12,1.13227570704364,1.13227570704364,1.13227570704364,"Deterministic"
"3059","Canary Rockfish","Sampling","Relative Yield","Static","0.7",13,1.04562502557927,1.04562502557927,1.04562502557927,"Deterministic"
"3060","Canary Rockfish","Sampling","Relative Yield","Static","0.7",14,0.971728134870192,0.971728134870192,0.971728134870192,"Deterministic"
"3061","Canary Rockfish","Sampling","Relative Yield","Static","0.7",15,0.908130548791499,0.908130548791499,0.908130548791499,"Deterministic"
"3062","Canary Rockfish","Sampling","Relative Yield","Static","0.7",16,0.852811777271605,0.852811777271605,0.852811777271605,"Deterministic"
"3063","Canary Rockfish","Sampling","Relative Yield","Static","0.7",17,0.804103097514645,0.804103097514645,0.804103097514645,"Deterministic"
"3064","Canary Rockfish","Sampling","Relative Yield","Static","0.7",18,0.760642987852555,0.760642987852555,0.760642987852555,"Deterministic"
"3065","Canary Rockfish","Sampling","Relative Yield","Static","0.7",19,0.721335930982375,0.721335930982375,0.721335930982375,"Deterministic"
"3066","Canary Rockfish","Sampling","Relative Yield","Static","0.7",20,0.685304230279267,0.685304230279267,0.685304230279267,"Deterministic"
"3130","Canary Rockfish","Sampling","Relative Yield","Transient","0.7",0,1,1,1,"Deterministic"
"3131","Canary Rockfish","Sampling","Relative Yield","Transient","0.7",1,0.929106425561124,0.929106425561124,0.929106425561124,"Deterministic"
"3132","Canary Rockfish","Sampling","Relative Yield","Transient","0.7",2,0.863577616576142,0.863577616576142,0.863577616576142,"Deterministic"
"3133","Canary Rockfish","Sampling","Relative Yield","Transient","0.7",3,0.802852326005243,0.802852326005243,0.802852326005243,"Deterministic"
"3134","Canary Rockfish","Sampling","Relative Yield","Transient","0.7",4,0.746442227251436,0.746442227251436,0.746442227251436,"Deterministic"
"3135","Canary Rockfish","Sampling","Relative Yield","Transient","0.7",5,0.693920974059168,0.693920974059168,0.693920974059168,"Deterministic"
"3136","Canary Rockfish","Sampling","Relative Yield","Transient","0.7",6,0.644915237308872,0.644915237308872,0.644915237308872,"Deterministic"
"3137","Canary Rockfish","Sampling","Relative Yield","Transient","0.7",7,0.599109805856885,0.599109805856885,0.599109805856885,"Deterministic"
"3138","Canary Rockfish","Sampling","Relative Yield","Transient","0.7",8,0.556246383449982,0.556246383449982,0.556246383449982,"Deterministic"
"3139","Canary Rockfish","Sampling","Relative Yield","Transient","0.7",9,0.516111185301512,0.516111185301512,0.516111185301512,"Deterministic"
"3140","Canary Rockfish","Sampling","Relative Yield","Transient","0.7",10,0.562969940314473,0.562969940314473,0.562969940314473,"Deterministic"
"3141","Canary Rockfish","Sampling","Relative Yield","Transient","0.7",11,0.61227748355399,0.61227748355399,0.61227748355399,"Deterministic"
"3142","Canary Rockfish","Sampling","Relative Yield","Transient","0.7",12,0.663802684099664,0.663802684099664,0.663802684099664,"Deterministic"
"3143","Canary Rockfish","Sampling","Relative Yield","Transient","0.7",13,0.717244631548523,0.717244631548523,0.717244631548523,"Deterministic"
"3144","Canary Rockfish","Sampling","Relative Yield","Transient","0.7",14,0.772225655580642,0.772225655580642,0.772225655580642,"Deterministic"
"3145","Canary Rockfish","Sampling","Relative Yield","Transient","0.7",15,0.828283883810316,0.828283883810316,0.828283883810316,"Deterministic"
"3146","Canary Rockfish","Sampling","Relative Yield","Transient","0.7",16,0.884865282077096,0.884865282077096,0.884865282077096,"Deterministic"
"3147","Canary Rockfish","Sampling","Relative Yield","Transient","0.7",17,0.941321195757177,0.941321195757177,0.941321195757177,"Deterministic"
"3148","Canary Rockfish","Sampling","Relative Yield","Transient","0.7",18,0.996912663413368,0.996912663413368,0.996912663413368,"Deterministic"
"3149","Canary Rockfish","Sampling","Relative Yield","Transient","0.7",19,1.05081869097426,1.05081869097426,1.05081869097426,"Deterministic"
"3150","Canary Rockfish","Sampling","Relative Yield","Transient","0.7",20,1.10214723280555,1.10214723280555,1.10214723280555,"Deterministic"
"3802","Canary Rockfish","Sampling","Relative Effort","Static","0.7",0,1,1,1,"Deterministic"
"3803","Canary Rockfish","Sampling","Relative Effort","Static","0.7",1,1.1,1.1,1.1,"Deterministic"
"3804","Canary Rockfish","Sampling","Relative Effort","Static","0.7",2,1.21,1.21,1.21,"Deterministic"
"3805","Canary Rockfish","Sampling","Relative Effort","Static","0.7",3,1.331,1.331,1.331,"Deterministic"
"3806","Canary Rockfish","Sampling","Relative Effort","Static","0.7",4,1.4641,1.4641,1.4641,"Deterministic"
"3807","Canary Rockfish","Sampling","Relative Effort","Static","0.7",5,1.61051,1.61051,1.61051,"Deterministic"
"3808","Canary Rockfish","Sampling","Relative Effort","Static","0.7",6,1.771561,1.771561,1.771561,"Deterministic"
"3809","Canary Rockfish","Sampling","Relative Effort","Static","0.7",7,1.9487171,1.9487171,1.9487171,"Deterministic"
"3810","Canary Rockfish","Sampling","Relative Effort","Static","0.7",8,2.14358881,2.14358881,2.14358881,"Deterministic"
"3811","Canary Rockfish","Sampling","Relative Effort","Static","0.7",9,2.357947691,2.357947691,2.357947691,"Deterministic"
"3812","Canary Rockfish","Sampling","Relative Effort","Static","0.7",10,2.5937424601,2.5937424601,2.5937424601,"Deterministic"
"3813","Canary Rockfish","Sampling","Relative Effort","Static","0.7",11,2.85311670611,2.85311670611,2.85311670611,"Deterministic"
"3814","Canary Rockfish","Sampling","Relative Effort","Static","0.7",12,2.567805035499,2.567805035499,2.567805035499,"Deterministic"
"3815","Canary Rockfish","Sampling","Relative Effort","Static","0.7",13,2.3110245319491,2.3110245319491,2.3110245319491,"Deterministic"
"3816","Canary Rockfish","Sampling","Relative Effort","Static","0.7",14,2.07992207875419,2.07992207875419,2.07992207875419,"Deterministic"
"3817","Canary Rockfish","Sampling","Relative Effort","Static","0.7",15,1.87192987087877,1.87192987087877,1.87192987087877,"Deterministic"
"3818","Canary Rockfish","Sampling","Relative Effort","Static","0.7",16,1.6847368837909,1.6847368837909,1.6847368837909,"Deterministic"
"3819","Canary Rockfish","Sampling","Relative Effort","Static","0.7",17,1.51626319541181,1.51626319541181,1.51626319541181,"Deterministic"
"3820","Canary Rockfish","Sampling","Relative Effort","Static","0.7",18,1.36463687587063,1.36463687587063,1.36463687587063,"Deterministic"
"3821","Canary Rockfish","Sampling","Relative Effort","Static","0.7",19,1.22817318828356,1.22817318828356,1.22817318828356,"Deterministic"
"3822","Canary Rockfish","Sampling","Relative Effort","Static","0.7",20,1.10535586945521,1.10535586945521,1.10535586945521,"Deterministic"
"3886","Canary Rockfish","Sampling","Relative Effort","Transient","0.7",0,1,1,1,"Deterministic"
"3887","Canary Rockfish","Sampling","Relative Effort","Transient","0.7",1,0.9,0.9,0.9,"Deterministic"
"3888","Canary Rockfish","Sampling","Relative Effort","Transient","0.7",2,0.81,0.81,0.81,"Deterministic"
"3889","Canary Rockfish","Sampling","Relative Effort","Transient","0.7",3,0.729,0.729,0.729,"Deterministic"
"3890","Canary Rockfish","Sampling","Relative Effort","Transient","0.7",4,0.6561,0.6561,0.6561,"Deterministic"
"3891","Canary Rockfish","Sampling","Relative Effort","Transient","0.7",5,0.59049,0.59049,0.59049,"Deterministic"
"3892","Canary Rockfish","Sampling","Relative Effort","Transient","0.7",6,0.531441,0.531441,0.531441,"Deterministic"
"3893","Canary Rockfish","Sampling","Relative Effort","Transient","0.7",7,0.4782969,0.4782969,0.4782969,"Deterministic"
"3894","Canary Rockfish","Sampling","Relative Effort","Transient","0.7",8,0.43046721,0.43046721,0.43046721,"Deterministic"
"3895","Canary Rockfish","Sampling","Relative Effort","Transient","0.7",9,0.387420489,0.387420489,0.387420489,"Deterministic"
"3896","Canary Rockfish","Sampling","Relative Effort","Transient","0.7",10,0.4261625379,0.4261625379,0.4261625379,"Deterministic"
"3897","Canary Rockfish","Sampling","Relative Effort","Transient","0.7",11,0.46877879169,0.46877879169,0.46877879169,"Deterministic"
"3898","Canary Rockfish","Sampling","Relative Effort","Transient","0.7",12,0.515656670859,0.515656670859,0.515656670859,"Deterministic"
"3899","Canary Rockfish","Sampling","Relative Effort","Transient","0.7",13,0.567222337944901,0.567222337944901,0.567222337944901,"Deterministic"
"3900","Canary Rockfish","Sampling","Relative Effort","Transient","0.7",14,0.623944571739391,0.623944571739391,0.623944571739391,"Deterministic"
"3901","Canary Rockfish","Sampling","Relative Effort","Transient","0.7",15,0.68633902891333,0.68633902891333,0.68633902891333,"Deterministic"
"3902","Canary Rockfish","Sampling","Relative Effort","Transient","0.7",16,0.754972931804663,0.754972931804663,0.754972931804663,"Deterministic"
"3903","Canary Rockfish","Sampling","Relative Effort","Transient","0.7",17,0.83047022498513,0.83047022498513,0.83047022498513,"Deterministic"
"3904","Canary Rockfish","Sampling","Relative Effort","Transient","0.7",18,0.913517247483643,0.913517247483643,0.913517247483643,"Deterministic"
"3905","Canary Rockfish","Sampling","Relative Effort","Transient","0.7",19,1.00486897223201,1.00486897223201,1.00486897223201,"Deterministic"
"3906","Canary Rockfish","Sampling","Relative Effort","Transient","0.7",20,1.10535586945521,1.10535586945521,1.10535586945521,"Deterministic"
"4558","Canary Rockfish","Both","Relative Biomass","Static","0.7",0,1,1,1,"Deterministic"
"4559","Canary Rockfish","Both","Relative Biomass","Static","0.7",1,0.99826860858438,0.99826860858438,0.99826860858438,"Deterministic"
"4560","Canary Rockfish","Both","Relative Biomass","Static","0.7",2,0.994539578080038,0.994539578080038,0.994539578080038,"Deterministic"
"4561","Canary Rockfish","Both","Relative Biomass","Static","0.7",3,0.988667944899998,0.988667944899998,0.988667944899998,"Deterministic"
"4562","Canary Rockfish","Both","Relative Biomass","Static","0.7",4,0.980527487845888,0.980527487845888,0.980527487845888,"Deterministic"
"4563","Canary Rockfish","Both","Relative Biomass","Static","0.7",5,0.970014374297071,0.970014374297071,0.970014374297071,"Deterministic"
"4564","Canary Rockfish","Both","Relative Biomass","Static","0.7",6,0.9570509621848,0.9570509621848,0.9570509621848,"Deterministic"
"4565","Canary Rockfish","Both","Relative Biomass","Static","0.7",7,0.941590145668351,0.941590145668351,0.941590145668351,"Deterministic"
"4566","Canary Rockfish","Both","Relative Biomass","Static","0.7",8,0.923619659450676,0.923619659450676,0.923619659450676,"Deterministic"
"4567","Canary Rockfish","Both","Relative Biomass","Static","0.7",9,0.903165981920044,0.903165981920044,0.903165981920044,"Deterministic"
"4568","Canary Rockfish","Both","Relative Biomass","Static","0.7",10,0.880297929009202,0.880297929009202,0.880297929009202,"Deterministic"
"4569","Canary Rockfish","Both","Relative Biomass","Static","0.7",11,0.855129980038588,0.855129980038588,0.855129980038588,"Deterministic"
"4570","Canary Rockfish","Both","Relative Biomass","Static","0.7",12,0.827825151233256,0.827825151233256,0.827825151233256,"Deterministic"
"4571","Canary Rockfish","Both","Relative Biomass","Static","0.7",13,0.807572091321008,0.807572091321008,0.807572091321008,"Deterministic"
"4572","Canary Rockfish","Both","Relative Biomass","Static","0.7",14,0.793196746803209,0.793196746803209,0.793196746803209,"Deterministic"
"4573","Canary Rockfish","Both","Relative Biomass","Static","0.7",15,0.783780188623432,0.783780188623432,0.783780188623432,"Deterministic"
"4574","Canary Rockfish","Both","Relative Biomass","Static","0.7",16,0.778593696721971,0.778593696721971,0.778593696721971,"Deterministic"
"4575","Canary Rockfish","Both","Relative Biomass","Static","0.7",17,0.777051053999722,0.777051053999722,0.777051053999722,"Deterministic"
"4576","Canary Rockfish","Both","Relative Biomass","Static","0.7",18,0.778672880673109,0.778672880673109,0.778672880673109,"Deterministic"
"4577","Canary Rockfish","Both","Relative Biomass","Static","0.7",19,0.783059290076554,0.783059290076554,0.783059290076554,"Deterministic"
"4578","Canary Rockfish","Both","Relative Biomass","Static","0.7",20,0.789869787692034,0.789869787692034,0.789869787692034,"Deterministic"
"4642","Canary Rockfish","Both","Relative Biomass","Transient","0.7",0,1,1,1,"Deterministic"
"4643","Canary Rockfish","Both","Relative Biomass","Transient","0.7",1,0.99826860858438,0.99826860858438,0.99826860858438,"Deterministic"
"4644","Canary Rockfish","Both","Relative Biomass","Transient","0.7",2,0.999074621701588,0.999074621701588,0.999074621701588,"Deterministic"
"4645","Canary Rockfish","Both","Relative Biomass","Transient","0.7",3,1.002129218023,1.002129218023,1.002129218023,"Deterministic"
"4646","Canary Rockfish","Both","Relative Biomass","Transient","0.7",4,1.0071751496473,1.0071751496473,1.0071751496473,"Deterministic"
"4647","Canary Rockfish","Both","Relative Biomass","Transient","0.7",5,1.01398099021619,1.01398099021619,1.01398099021619,"Deterministic"
"4648","Canary Rockfish","Both","Relative Biomass","Transient","0.7",6,1.02233701665242,1.02233701665242,1.02233701665242,"Deterministic"
"4649","Canary Rockfish","Both","Relative Biomass","Transient","0.7",7,1.03205219226461,1.03205219226461,1.03205219226461,"Deterministic"
"4650","Canary Rockfish","Both","Relative Biomass","Transient","0.7",8,1.04295158818431,1.04295158818431,1.04295158818431,"Deterministic"
"4651","Canary Rockfish","Both","Relative Biomass","Transient","0.7",9,1.05487430708737,1.05487430708737,1.05487430708737,"Deterministic"
"4652","Canary Rockfish","Both","Relative Biomass","Transient","0.7",10,1.06767202411162,1.06767202411162,1.06767202411162,"Deterministic"
"4653","Canary Rockfish","Both","Relative Biomass","Transient","0.7",11,1.07934736933074,1.07934736933074,1.07934736933074,"Deterministic"
"4654","Canary Rockfish","Both","Relative Biomass","Transient","0.7",12,1.08973356939183,1.08973356939183,1.08973356939183,"Deterministic"
"4655","Canary Rockfish","Both","Relative Biomass","Transient","0.7",13,1.09867096844559,1.09867096844559,1.09867096844559,"Deterministic"
"4656","Canary Rockfish","Both","Relative Biomass","Transient","0.7",14,1.10600809659061,1.10600809659061,1.10600809659061,"Deterministic"
"4657","Canary Rockfish","Both","Relative Biomass","Transient","0.7",15,1.11160214810068,1.11160214810068,1.11160214810068,"Deterministic"
"4658","Canary Rockfish","Both","Relative Biomass","Transient","0.7",16,1.11531917472585,1.11531917472585,1.11531917472585,"Deterministic"
"4659","Canary Rockfish","Both","Relative Biomass","Transient","0.7",17,1.11703431120036,1.11703431120036,1.11703431120036,"Deterministic"
"4660","Canary Rockfish","Both","Relative Biomass","Transient","0.7",18,1.11663214986226,1.11663214986226,1.11663214986226,"Deterministic"
"4661","Canary Rockfish","Both","Relative Biomass","Transient","0.7",19,1.11400729331295,1.11400729331295,1.11400729331295,"Deterministic"
"4662","Canary Rockfish","Both","Relative Biomass","Transient","0.7",20,1.1090651571021,1.1090651571021,1.1090651571021,"Deterministic"
"5314","Canary Rockfish","Both","Relative Yield","Static","0.7",0,1,1,1,"Deterministic"
"5315","Canary Rockfish","Both","Relative Yield","Static","0.7",1,1.05081558768619,1.05081558768619,1.05081558768619,"Deterministic"
"5316","Canary Rockfish","Both","Relative Yield","Static","0.7",2,1.09856031622345,1.09856031622345,1.09856031622345,"Deterministic"
"5317","Canary Rockfish","Both","Relative Yield","Static","0.7",3,1.14226824442143,1.14226824442143,1.14226824442143,"Deterministic"
"5318","Canary Rockfish","Both","Relative Yield","Static","0.7",4,1.18094836785839,1.18094836785839,1.18094836785839,"Deterministic"
"5319","Canary Rockfish","Both","Relative Yield","Static","0.7",5,1.21360493124629,1.21360493124629,1.21360493124629,"Deterministic"
"5320","Canary Rockfish","Both","Relative Yield","Static","0.7",6,1.2392603928537,1.2392603928537,1.2392603928537,"Deterministic"
"5321","Canary Rockfish","Both","Relative Yield","Static","0.7",7,1.25699417429336,1.25699417429336,1.25699417429336,"Deterministic"
"5322","Canary Rockfish","Both","Relative Yield","Static","0.7",8,1.26598746902806,1.26598746902806,1.26598746902806,"Deterministic"
"5323","Canary Rockfish","Both","Relative Yield","Static","0.7",9,1.26556378520781,1.26556378520781,1.26556378520781,"Deterministic"
"5324","Canary Rockfish","Both","Relative Yield","Static","0.7",10,1.25522577760987,1.25522577760987,1.25522577760987,"Deterministic"
"5325","Canary Rockfish","Both","Relative Yield","Static","0.7",11,1.23468958700303,1.23468958700303,1.23468958700303,"Deterministic"
"5326","Canary Rockfish","Both","Relative Yield","Static","0.7",12,1.13227570704364,1.13227570704364,1.13227570704364,"Deterministic"
"5327","Canary Rockfish","Both","Relative Yield","Static","0.7",13,1.04562502557927,1.04562502557927,1.04562502557927,"Deterministic"
"5328","Canary Rockfish","Both","Relative Yield","Static","0.7",14,0.971728134870192,0.971728134870192,0.971728134870192,"Deterministic"
"5329","Canary Rockfish","Both","Relative Yield","Static","0.7",15,0.908130548791499,0.908130548791499,0.908130548791499,"Deterministic"
"5330","Canary Rockfish","Both","Relative Yield","Static","0.7",16,0.852811777271605,0.852811777271605,0.852811777271605,"Deterministic"
"5331","Canary Rockfish","Both","Relative Yield","Static","0.7",17,0.804103097514645,0.804103097514645,0.804103097514645,"Deterministic"
"5332","Canary Rockfish","Both","Relative Yield","Static","0.7",18,0.760642987852555,0.760642987852555,0.760642987852555,"Deterministic"
"5333","Canary Rockfish","Both","Relative Yield","Static","0.7",19,0.721335930982375,0.721335930982375,0.721335930982375,"Deterministic"
"5334","Canary Rockfish","Both","Relative Yield","Static","0.7",20,0.685304230279267,0.685304230279267,0.685304230279267,"Deterministic"
"5398","Canary Rockfish","Both","Relative Yield","Transient","0.7",0,1,1,1,"Deterministic"
"5399","Canary Rockfish","Both","Relative Yield","Transient","0.7",1,0.929106425561124,0.929106425561124,0.929106425561124,"Deterministic"
"5400","Canary Rockfish","Both","Relative Yield","Transient","0.7",2,0.863577616576142,0.863577616576142,0.863577616576142,"Deterministic"
"5401","Canary Rockfish","Both","Relative Yield","Transient","0.7",3,0.802852326005243,0.802852326005243,0.802852326005243,"Deterministic"
"5402","Canary Rockfish","Both","Relative Yield","Transient","0.7",4,0.746442227251436,0.746442227251436,0.746442227251436,"Deterministic"
"5403","Canary Rockfish","Both","Relative Yield","Transient","0.7",5,0.693920974059168,0.693920974059168,0.693920974059168,"Deterministic"
"5404","Canary Rockfish","Both","Relative Yield","Transient","0.7",6,0.644915237308872,0.644915237308872,0.644915237308872,"Deterministic"
"5405","Canary Rockfish","Both","Relative Yield","Transient","0.7",7,0.599109805856885,0.599109805856885,0.599109805856885,"Deterministic"
"5406","Canary Rockfish","Both","Relative Yield","Transient","0.7",8,0.556246383449982,0.556246383449982,0.556246383449982,"Deterministic"
"5407","Canary Rockfish","Both","Relative Yield","Transient","0.7",9,0.516111185301512,0.516111185301512,0.516111185301512,"Deterministic"
"5408","Canary Rockfish","Both","Relative Yield","Transient","0.7",10,0.562969940314473,0.562969940314473,0.562969940314473,"Deterministic"
"5409","Canary Rockfish","Both","Relative Yield","Transient","0.7",11,0.61227748355399,0.61227748355399,0.61227748355399,"Deterministic"
"5410","Canary Rockfish","Both","Relative Yield","Transient","0.7",12,0.663802684099664,0.663802684099664,0.663802684099664,"Deterministic"
"5411","Canary Rockfish","Both","Relative Yield","Transient","0.7",13,0.717244631548523,0.717244631548523,0.717244631548523,"Deterministic"
"5412","Canary Rockfish","Both","Relative Yield","Transient","0.7",14,0.772225655580642,0.772225655580642,0.772225655580642,"Deterministic"
"5413","Canary Rockfish","Both","Relative Yield","Transient","0.7",15,0.828283883810316,0.828283883810316,0.828283883810316,"Deterministic"
"5414","Canary Rockfish","Both","Relative Yield","Transient","0.7",16,0.884865282077096,0.884865282077096,0.884865282077096,"Deterministic"
"5415","Canary Rockfish","Both","Relative Yield","Transient","0.7",17,0.941321195757177,0.941321195757177,0.941321195757177,"Deterministic"
"5416","Canary Rockfish","Both","Relative Yield","Transient","0.7",18,0.996912663413368,0.996912663413368,0.996912663413368,"Deterministic"
"5417","Canary Rockfish","Both","Relative Yield","Transient","0.7",19,1.05081869097426,1.05081869097426,1.05081869097426,"Deterministic"
"5418","Canary Rockfish","Both","Relative Yield","Transient","0.7",20,1.10214723280555,1.10214723280555,1.10214723280555,"Deterministic"
"6070","Canary Rockfish","Both","Relative Effort","Static","0.7",0,1,1,1,"Deterministic"
"6071","Canary Rockfish","Both","Relative Effort","Static","0.7",1,1.1,1.1,1.1,"Deterministic"
"6072","Canary Rockfish","Both","Relative Effort","Static","0.7",2,1.21,1.21,1.21,"Deterministic"
"6073","Canary Rockfish","Both","Relative Effort","Static","0.7",3,1.331,1.331,1.331,"Deterministic"
"6074","Canary Rockfish","Both","Relative Effort","Static","0.7",4,1.4641,1.4641,1.4641,"Deterministic"
"6075","Canary Rockfish","Both","Relative Effort","Static","0.7",5,1.61051,1.61051,1.61051,"Deterministic"
"6076","Canary Rockfish","Both","Relative Effort","Static","0.7",6,1.771561,1.771561,1.771561,"Deterministic"
"6077","Canary Rockfish","Both","Relative Effort","Static","0.7",7,1.9487171,1.9487171,1.9487171,"Deterministic"
"6078","Canary Rockfish","Both","Relative Effort","Static","0.7",8,2.14358881,2.14358881,2.14358881,"Deterministic"
"6079","Canary Rockfish","Both","Relative Effort","Static","0.7",9,2.357947691,2.357947691,2.357947691,"Deterministic"
"6080","Canary Rockfish","Both","Relative Effort","Static","0.7",10,2.5937424601,2.5937424601,2.5937424601,"Deterministic"
"6081","Canary Rockfish","Both","Relative Effort","Static","0.7",11,2.85311670611,2.85311670611,2.85311670611,"Deterministic"
"6082","Canary Rockfish","Both","Relative Effort","Static","0.7",12,2.567805035499,2.567805035499,2.567805035499,"Deterministic"
"6083","Canary Rockfish","Both","Relative Effort","Static","0.7",13,2.3110245319491,2.3110245319491,2.3110245319491,"Deterministic"
"6084","Canary Rockfish","Both","Relative Effort","Static","0.7",14,2.07992207875419,2.07992207875419,2.07992207875419,"Deterministic"
"6085","Canary Rockfish","Both","Relative Effort","Static","0.7",15,1.87192987087877,1.87192987087877,1.87192987087877,"Deterministic"
"6086","Canary Rockfish","Both","Relative Effort","Static","0.7",16,1.6847368837909,1.6847368837909,1.6847368837909,"Deterministic"
"6087","Canary Rockfish","Both","Relative Effort","Static","0.7",17,1.51626319541181,1.51626319541181,1.51626319541181,"Deterministic"
"6088","Canary Rockfish","Both","Relative Effort","Static","0.7",18,1.36463687587063,1.36463687587063,1.36463687587063,"Deterministic"
"6089","Canary Rockfish","Both","Relative Effort","Static","0.7",19,1.22817318828356,1.22817318828356,1.22817318828356,"Deterministic"
"6090","Canary Rockfish","Both","Relative Effort","Static","0.7",20,1.10535586945521,1.10535586945521,1.10535586945521,"Deterministic"
"6154","Canary Rockfish","Both","Relative Effort","Transient","0.7",0,1,1,1,"Deterministic"
"6155","Canary Rockfish","Both","Relative Effort","Transient","0.7",1,0.9,0.9,0.9,"Deterministic"
"6156","Canary Rockfish","Both","Relative Effort","Transient","0.7",2,0.81,0.81,0.81,"Deterministic"
"6157","Canary Rockfish","Both","Relative Effort","Transient","0.7",3,0.729,0.729,0.729,"Deterministic"
"6158","Canary Rockfish","Both","Relative Effort","Transient","0.7",4,0.6561,0.6561,0.6561,"Deterministic"
"6159","Canary Rockfish","Both","Relative Effort","Transient","0.7",5,0.59049,0.59049,0.59049,"Deterministic"
"6160","Canary Rockfish","Both","Relative Effort","Transient","0.7",6,0.531441,0.531441,0.531441,"Deterministic"
"6161","Canary Rockfish","Both","Relative Effort","Transient","0.7",7,0.4782969,0.4782969,0.4782969,"Deterministic"
"6162","Canary Rockfish","Both","Relative Effort","Transient","0.7",8,0.43046721,0.43046721,0.43046721,"Deterministic"
"6163","Canary Rockfish","Both","Relative Effort","Transient","0.7",9,0.387420489,0.387420489,0.387420489,"Deterministic"
"6164","Canary Rockfish","Both","Relative Effort","Transient","0.7",10,0.4261625379,0.4261625379,0.4261625379,"Deterministic"
"6165","Canary Rockfish","Both","Relative Effort","Transient","0.7",11,0.46877879169,0.46877879169,0.46877879169,"Deterministic"
"6166","Canary Rockfish","Both","Relative Effort","Transient","0.7",12,0.515656670859,0.515656670859,0.515656670859,"Deterministic"
"6167","Canary Rockfish","Both","Relative Effort","Transient","0.7",13,0.567222337944901,0.567222337944901,0.567222337944901,"Deterministic"
"6168","Canary Rockfish","Both","Relative Effort","Transient","0.7",14,0.623944571739391,0.623944571739391,0.623944571739391,"Deterministic"
"6169","Canary Rockfish","Both","Relative Effort","Transient","0.7",15,0.68633902891333,0.68633902891333,0.68633902891333,"Deterministic"
"6170","Canary Rockfish","Both","Relative Effort","Transient","0.7",16,0.754972931804663,0.754972931804663,0.754972931804663,"Deterministic"
"6171","Canary Rockfish","Both","Relative Effort","Transient","0.7",17,0.83047022498513,0.83047022498513,0.83047022498513,"Deterministic"
"6172","Canary Rockfish","Both","Relative Effort","Transient","0.7",18,0.913517247483643,0.913517247483643,0.913517247483643,"Deterministic"
"6173","Canary Rockfish","Both","Relative Effort","Transient","0.7",19,1.00486897223201,1.00486897223201,1.00486897223201,"Deterministic"
"6174","Canary Rockfish","Both","Relative Effort","Transient","0.7",20,1.10535586945521,1.10535586945521,1.10535586945521,"Deterministic"
